year,venue,team
1949,Wheaton Field House                ,atlanta hawks
1950,Wheaton Field House                ,atlanta hawks
1951,Milwaukee Arena                ,atlanta hawks
1952,Milwaukee Arena                ,atlanta hawks
1953,Milwaukee Arena                ,atlanta hawks
1954,Milwaukee Arena                ,atlanta hawks
1955,Kiel Auditorium             ,atlanta hawks
1956,Kiel Auditorium             ,atlanta hawks
1957,Kiel Auditorium             ,atlanta hawks
1958,Kiel Auditorium             ,atlanta hawks
1959,Kiel Auditorium             ,atlanta hawks
1960,Kiel Auditorium             ,atlanta hawks
1961,Kiel Auditorium             ,atlanta hawks
1962,Kiel Auditorium             ,atlanta hawks
1963,Kiel Auditorium             ,atlanta hawks
1964,Kiel Auditorium             ,atlanta hawks
1965,Kiel Auditorium             ,atlanta hawks
1966,Kiel Auditorium             ,atlanta hawks
1967,Kiel Auditorium             ,atlanta hawks
1968,Alexander Memorial Coliseum       ,atlanta hawks
1969,Alexander Memorial Coliseum       ,atlanta hawks
1970,Alexander Memorial Coliseum       ,atlanta hawks
1971,Alexander Memorial Coliseum       ,atlanta hawks
1972,Omni Coliseum                     ,atlanta hawks
1973,Omni Coliseum                     ,atlanta hawks
1974,Omni Coliseum                     ,atlanta hawks
1975,Omni Coliseum                     ,atlanta hawks
1976,Omni Coliseum                     ,atlanta hawks
1977,Omni Coliseum                     ,atlanta hawks
1978,Omni Coliseum                     ,atlanta hawks
1979,Omni Coliseum                     ,atlanta hawks
1980,Omni Coliseum                     ,atlanta hawks
1981,Omni Coliseum                     ,atlanta hawks
1982,Omni Coliseum                     ,atlanta hawks
1983,Omni Coliseum                     ,atlanta hawks
1984,Omni Coliseum                     ,atlanta hawks
1985,Omni Coliseum                     ,atlanta hawks
1986,Omni Coliseum                     ,atlanta hawks
1987,Omni Coliseum                     ,atlanta hawks
1988,Omni Coliseum                     ,atlanta hawks
1989,Omni Coliseum                     ,atlanta hawks
1990,Omni Coliseum                     ,atlanta hawks
1991,Omni Coliseum                     ,atlanta hawks
1992,Omni Coliseum                     ,atlanta hawks
1993,Omni Coliseum                     ,atlanta hawks
1994,Omni Coliseum                     ,atlanta hawks
1995,Omni Coliseum                     ,atlanta hawks
1996,Omni Coliseum                     ,atlanta hawks
1997,Georgia Dome                     ,atlanta hawks
1998,Georgia Dome                     ,atlanta hawks
1999,Philips Arena                    ,atlanta hawks
2000,Philips Arena                    ,atlanta hawks
2001,Philips Arena                    ,atlanta hawks
2002,Philips Arena                    ,atlanta hawks
2003,Philips Arena                    ,atlanta hawks
2004,Philips Arena                    ,atlanta hawks
2005,Philips Arena                    ,atlanta hawks
2006,Philips Arena                    ,atlanta hawks
2007,Philips Arena                    ,atlanta hawks
2008,Philips Arena                    ,atlanta hawks
2009,Philips Arena                    ,atlanta hawks
2010,Philips Arena                    ,atlanta hawks
2011,Philips Arena                    ,atlanta hawks
2012,Philips Arena                    ,atlanta hawks
2013,Philips Arena                    ,atlanta hawks
2014,Philips Arena                    ,atlanta hawks
2015,Philips Arena                    ,atlanta hawks
2016,Philips Arena                    ,atlanta hawks
2017,Philips Arena                    ,atlanta hawks
2018,Philips Arena                    ,atlanta hawks
1946,Boston Garden                     ,boston celtics
1947,Boston Garden                     ,boston celtics
1948,Boston Garden                     ,boston celtics
1949,Boston Garden                     ,boston celtics
1950,Boston Garden                     ,boston celtics
1951,Boston Garden                     ,boston celtics
1952,Boston Garden                     ,boston celtics
1953,Boston Garden                     ,boston celtics
1954,Boston Garden                     ,boston celtics
1955,Boston Garden                     ,boston celtics
1956,Boston Garden                     ,boston celtics
1957,Boston Garden                     ,boston celtics
1958,Boston Garden                     ,boston celtics
1959,Boston Garden                     ,boston celtics
1960,Boston Garden                     ,boston celtics
1961,Boston Garden                     ,boston celtics
1962,Boston Garden                     ,boston celtics
1963,Boston Garden                     ,boston celtics
1964,Boston Garden                     ,boston celtics
1965,Boston Garden                     ,boston celtics
1966,Boston Garden                     ,boston celtics
1967,Boston Garden                     ,boston celtics
1968,Boston Garden                     ,boston celtics
1969,Boston Garden                     ,boston celtics
1970,Boston Garden                     ,boston celtics
1971,Boston Garden                     ,boston celtics
1972,Boston Garden                     ,boston celtics
1973,Boston Garden                     ,boston celtics
1974,Boston Garden                     ,boston celtics
1975,Boston Garden                     ,boston celtics
1976,Boston Garden                     ,boston celtics
1977,Boston Garden                     ,boston celtics
1978,Boston Garden                     ,boston celtics
1979,Boston Garden                     ,boston celtics
1980,Boston Garden                     ,boston celtics
1981,Boston Garden                     ,boston celtics
1982,Boston Garden                     ,boston celtics
1983,Boston Garden                     ,boston celtics
1984,Boston Garden                     ,boston celtics
1985,Boston Garden                     ,boston celtics
1986,Boston Garden                     ,boston celtics
1987,Boston Garden                     ,boston celtics
1988,Boston Garden                     ,boston celtics
1989,Boston Garden                     ,boston celtics
1990,Boston Garden                     ,boston celtics
1991,Boston Garden                     ,boston celtics
1992,Boston Garden                     ,boston celtics
1993,Boston Garden                     ,boston celtics
1994,Boston Garden                     ,boston celtics
1995,Fleet Center                      ,boston celtics
1996,Fleet Center                      ,boston celtics
1997,Fleet Center                      ,boston celtics
1998,Fleet Center                      ,boston celtics
1999,Fleet Center                      ,boston celtics
2000,Fleet Center                      ,boston celtics
2001,Fleet Center                      ,boston celtics
2002,Fleet Center                      ,boston celtics
2003,Fleet Center                      ,boston celtics
2004,Fleet Center                      ,boston celtics
2005,TD Garden                         ,boston celtics
2006,TD Garden                         ,boston celtics
2007,TD Garden                         ,boston celtics
2008,TD Garden                         ,boston celtics
2009,TD Garden                         ,boston celtics
2010,TD Garden                         ,boston celtics
2011,TD Garden                         ,boston celtics
2012,TD Garden                         ,boston celtics
2013,TD Garden                         ,boston celtics
2014,TD Garden                         ,boston celtics
2015,TD Garden                         ,boston celtics
2016,TD Garden                         ,boston celtics
2017,TD Garden                         ,boston celtics
2018,TD Garden                         ,boston celtics
2004,Time Warner Cable Arena          ,charolette hornets
2005,Time Warner Cable Arena          ,charolette hornets
2006,Time Warner Cable Arena          ,charolette hornets
2007,Time Warner Cable Arena          ,charolette hornets
2008,Time Warner Cable Arena          ,charolette hornets
2009,Time Warner Cable Arena          ,charolette hornets
2010,Time Warner Cable Arena          ,charolette hornets
2011,Time Warner Cable Arena          ,charolette hornets
2012,Time Warner Cable Arena          ,charolette hornets
2013,Time Warner Cable Arena          ,charolette hornets
2014,Time Warner Cable Arena          ,charolette hornets
2015,Time Warner Cable Arena          ,charolette hornets
2016,Time Warner Cable Arena          ,charolette hornets
2017,Time Warner Cable Arena          ,charolette hornets
2018,Time Warner Cable Arena          ,charolette hornets
1966,Chicago Amphitheater             ,chicago bulls
1967,Chicago Stadium                  ,chicago bulls
1968,Chicago Stadium                  ,chicago bulls
1969,Chicago Stadium                  ,chicago bulls
1970,Chicago Stadium                  ,chicago bulls
1971,Chicago Stadium                  ,chicago bulls
1972,Chicago Stadium                  ,chicago bulls
1973,Chicago Stadium                  ,chicago bulls
1974,Chicago Stadium                  ,chicago bulls
1975,Chicago Stadium                  ,chicago bulls
1976,Chicago Stadium                  ,chicago bulls
1977,Chicago Stadium                  ,chicago bulls
1978,Chicago Stadium                  ,chicago bulls
1979,Chicago Stadium                  ,chicago bulls
1980,Chicago Stadium                  ,chicago bulls
1981,Chicago Stadium                  ,chicago bulls
1982,Chicago Stadium                  ,chicago bulls
1983,Chicago Stadium                  ,chicago bulls
1984,Chicago Stadium                  ,chicago bulls
1985,Chicago Stadium                  ,chicago bulls
1986,Chicago Stadium                  ,chicago bulls
1987,Chicago Stadium                  ,chicago bulls
1988,Chicago Stadium                  ,chicago bulls
1989,Chicago Stadium                  ,chicago bulls
1990,Chicago Stadium                  ,chicago bulls
1991,Chicago Stadium                  ,chicago bulls
1992,Chicago Stadium                  ,chicago bulls
1993,Chicago Stadium                  ,chicago bulls
1994,United Center                    ,chicago bulls
1995,United Center                    ,chicago bulls
1996,United Center                    ,chicago bulls
1997,United Center                    ,chicago bulls
1998,United Center                    ,chicago bulls
1999,United Center                    ,chicago bulls
2000,United Center                    ,chicago bulls
2001,United Center                    ,chicago bulls
2002,United Center                    ,chicago bulls
2003,United Center                    ,chicago bulls
2004,United Center                    ,chicago bulls
2005,United Center                    ,chicago bulls
2006,United Center                    ,chicago bulls
2007,United Center                    ,chicago bulls
2008,United Center                    ,chicago bulls
2009,United Center                    ,chicago bulls
2010,United Center                    ,chicago bulls
2011,United Center                    ,chicago bulls
2012,United Center                    ,chicago bulls
2013,United Center                    ,chicago bulls
2014,United Center                    ,chicago bulls
2015,United Center                    ,chicago bulls
2016,United Center                    ,chicago bulls
2017,United Center                    ,chicago bulls
2018,United Center                    ,chicago bulls
1970,Cleveland Arena                ,cleveland cavaliers
1971,Cleveland Arena                ,cleveland cavaliers
1972,Cleveland Arena                ,cleveland cavaliers
1973,Cleveland Arena                ,cleveland cavaliers
1974,The Coliseum                    ,cleveland cavaliers
1975,The Coliseum                    ,cleveland cavaliers
1976,The Coliseum                    ,cleveland cavaliers
1977,The Coliseum                    ,cleveland cavaliers
1978,The Coliseum                    ,cleveland cavaliers
1979,The Coliseum                    ,cleveland cavaliers
1980,The Coliseum                    ,cleveland cavaliers
1981,The Coliseum                    ,cleveland cavaliers
1982,The Coliseum                    ,cleveland cavaliers
1983,The Coliseum                    ,cleveland cavaliers
1984,The Coliseum                    ,cleveland cavaliers
1985,The Coliseum                    ,cleveland cavaliers
1986,The Coliseum                    ,cleveland cavaliers
1987,The Coliseum                    ,cleveland cavaliers
1988,The Coliseum                    ,cleveland cavaliers
1989,The Coliseum                    ,cleveland cavaliers
1990,The Coliseum                    ,cleveland cavaliers
1991,The Coliseum                    ,cleveland cavaliers
1992,The Coliseum                    ,cleveland cavaliers
1993,The Coliseum                    ,cleveland cavaliers
1994,Gund Arena                     ,cleveland cavaliers
1995,Gund Arena                     ,cleveland cavaliers
1996,Gund Arena                     ,cleveland cavaliers
1997,Gund Arena                     ,cleveland cavaliers
1998,Gund Arena                     ,cleveland cavaliers
1999,Gund Arena                     ,cleveland cavaliers
2000,Gund Arena                     ,cleveland cavaliers
2001,Gund Arena                     ,cleveland cavaliers
2002,Gund Arena                     ,cleveland cavaliers
2003,Gund Arena                     ,cleveland cavaliers
2004,Gund Arena                     ,cleveland cavaliers
2005,Quicken Loans Arean            ,cleveland cavaliers
2006,Quicken Loans Arean            ,cleveland cavaliers
2007,Quicken Loans Arean            ,cleveland cavaliers
2008,Quicken Loans Arean            ,cleveland cavaliers
2009,Quicken Loans Arean            ,cleveland cavaliers
2010,Quicken Loans Arean            ,cleveland cavaliers
2011,Quicken Loans Arean            ,cleveland cavaliers
2012,Quicken Loans Arean            ,cleveland cavaliers
2013,Quicken Loans Arean            ,cleveland cavaliers
2014,Quicken Loans Arean            ,cleveland cavaliers
2015,Quicken Loans Arean            ,cleveland cavaliers
2016,Quicken Loans Arean            ,cleveland cavaliers
2017,Quicken Loans Arean            ,cleveland cavaliers
2018,Quicken Loans Arean            ,cleveland cavaliers
1980,Reunion Arena                     ,dallas mavericks
1981,Reunion Arena                     ,dallas mavericks
1982,Reunion Arena                     ,dallas mavericks
1983,Reunion Arena                     ,dallas mavericks
1984,Reunion Arena                     ,dallas mavericks
1985,Reunion Arena                     ,dallas mavericks
1986,Reunion Arena                     ,dallas mavericks
1987,Reunion Arena                     ,dallas mavericks
1988,Reunion Arena                     ,dallas mavericks
1989,Reunion Arena                     ,dallas mavericks
1990,Reunion Arena                     ,dallas mavericks
1991,Reunion Arena                     ,dallas mavericks
1992,Reunion Arena                     ,dallas mavericks
1993,Reunion Arena                     ,dallas mavericks
1994,Reunion Arena                     ,dallas mavericks
1995,Reunion Arena                     ,dallas mavericks
1996,Reunion Arena                     ,dallas mavericks
1997,Reunion Arena                     ,dallas mavericks
1998,Reunion Arena                     ,dallas mavericks
1999,Reunion Arena                     ,dallas mavericks
2000,Reunion Arena                     ,dallas mavericks
2001,American Airlines Arena           ,dallas mavericks
2002,American Airlines Arena           ,dallas mavericks
2003,American Airlines Arena           ,dallas mavericks
2004,American Airlines Arena           ,dallas mavericks
2005,American Airlines Arena           ,dallas mavericks
2006,American Airlines Arena           ,dallas mavericks
2007,American Airlines Arena           ,dallas mavericks
2008,American Airlines Arena           ,dallas mavericks
2009,American Airlines Arena           ,dallas mavericks
2010,American Airlines Arena           ,dallas mavericks
2011,American Airlines Arena           ,dallas mavericks
2012,American Airlines Arena           ,dallas mavericks
2013,American Airlines Arena           ,dallas mavericks
2014,American Airlines Arena           ,dallas mavericks
2015,American Airlines Arena           ,dallas mavericks
2016,American Airlines Arena           ,dallas mavericks
2017,American Airlines Arena           ,dallas mavericks
2018,American Airlines Arena           ,dallas mavericks
1967,Auditorium Arena                   ,denver nuggets
1968,Auditorium Arena                   ,denver nuggets
1969,Auditorium Arena                   ,denver nuggets
1970,Auditorium Arena                   ,denver nuggets
1971,Auditorium Arena                   ,denver nuggets
1972,Auditorium Arena                   ,denver nuggets
1973,Auditorium Arena                   ,denver nuggets
1974,Auditorium Arena                   ,denver nuggets
1975,McNichols Sports Arena            ,denver nuggets
1976,McNichols Sports Arena            ,denver nuggets
1977,McNichols Sports Arena            ,denver nuggets
1978,McNichols Sports Arena            ,denver nuggets
1979,McNichols Sports Arena            ,denver nuggets
1980,McNichols Sports Arena            ,denver nuggets
1981,McNichols Sports Arena            ,denver nuggets
1982,McNichols Sports Arena            ,denver nuggets
1983,McNichols Sports Arena            ,denver nuggets
1984,McNichols Sports Arena            ,denver nuggets
1985,McNichols Sports Arena            ,denver nuggets
1986,McNichols Sports Arena            ,denver nuggets
1987,McNichols Sports Arena            ,denver nuggets
1988,McNichols Sports Arena            ,denver nuggets
1989,McNichols Sports Arena            ,denver nuggets
1990,McNichols Sports Arena            ,denver nuggets
1991,McNichols Sports Arena            ,denver nuggets
1992,McNichols Sports Arena            ,denver nuggets
1993,McNichols Sports Arena            ,denver nuggets
1994,McNichols Sports Arena            ,denver nuggets
1995,McNichols Sports Arena            ,denver nuggets
1996,McNichols Sports Arena            ,denver nuggets
1997,McNichols Sports Arena            ,denver nuggets
1998,McNichols Sports Arena            ,denver nuggets
1999,Pepsi Center                      ,denver nuggets
2000,Pepsi Center                      ,denver nuggets
2001,Pepsi Center                      ,denver nuggets
2002,Pepsi Center                      ,denver nuggets
2003,Pepsi Center                      ,denver nuggets
2004,Pepsi Center                      ,denver nuggets
2005,Pepsi Center                      ,denver nuggets
2006,Pepsi Center                      ,denver nuggets
2007,Pepsi Center                      ,denver nuggets
2008,Pepsi Center                      ,denver nuggets
2009,Pepsi Center                      ,denver nuggets
2010,Pepsi Center                      ,denver nuggets
2011,Pepsi Center                      ,denver nuggets
2012,Pepsi Center                      ,denver nuggets
2013,Pepsi Center                      ,denver nuggets
2014,Pepsi Center                      ,denver nuggets
2015,Pepsi Center                      ,denver nuggets
2016,Pepsi Center                      ,denver nuggets
2017,Pepsi Center                      ,denver nuggets
2018,Pepsi Center                      ,denver nuggets
1948,North Side High School Gym   Fort   ,detroit pistons
1949,North Side High School Gym   Fort   ,detroit pistons
1950,North Side High School Gym   Fort   ,detroit pistons
1951,North Side High School Gym   Fort   ,detroit pistons
1952,Memorial Coliseum            Fort   ,detroit pistons
1953,Memorial Coliseum            Fort   ,detroit pistons
1954,Memorial Coliseum            Fort   ,detroit pistons
1955,Memorial Coliseum            Fort   ,detroit pistons
1956,Memorial Coliseum            Fort   ,detroit pistons
1957,Olympia Stadium                  ,detroit pistons
1958,Olympia Stadium                  ,detroit pistons
1959,Olympia Stadium                  ,detroit pistons
1960,Olympia Stadium                  ,detroit pistons
1961,Cobo Arena                       ,detroit pistons
1962,Cobo Arena                       ,detroit pistons
1963,Cobo Arena                       ,detroit pistons
1964,Cobo Arena                       ,detroit pistons
1965,Cobo Arena                       ,detroit pistons
1966,Cobo Arena                       ,detroit pistons
1967,Cobo Arena                       ,detroit pistons
1968,Cobo Arena                       ,detroit pistons
1969,Cobo Arena                       ,detroit pistons
1970,Cobo Arena                       ,detroit pistons
1971,Cobo Arena                       ,detroit pistons
1972,Cobo Arena                       ,detroit pistons
1973,Cobo Arena                       ,detroit pistons
1974,Cobo Arena                       ,detroit pistons
1975,Cobo Arena                       ,detroit pistons
1976,Cobo Arena                       ,detroit pistons
1977,Cobo Arena                       ,detroit pistons
1978,Silverdome                       ,detroit pistons
1979,Silverdome                       ,detroit pistons
1980,Silverdome                       ,detroit pistons
1981,Silverdome                       ,detroit pistons
1982,Silverdome                       ,detroit pistons
1983,Silverdome                       ,detroit pistons
1984,Silverdome                       ,detroit pistons
1985,Silverdome                       ,detroit pistons
1986,Silverdome                       ,detroit pistons
1987,Silverdome                       ,detroit pistons
1988,Palace of Auburn       ,detroit pistons
1989,Palace of Auburn       ,detroit pistons
1990,Palace of Auburn       ,detroit pistons
1991,Palace of Auburn       ,detroit pistons
1992,Palace of Auburn       ,detroit pistons
1993,Palace of Auburn       ,detroit pistons
1994,Palace of Auburn       ,detroit pistons
1995,Palace of Auburn       ,detroit pistons
1996,Palace of Auburn       ,detroit pistons
1997,Palace of Auburn       ,detroit pistons
1998,Palace of Auburn       ,detroit pistons
1999,Palace of Auburn       ,detroit pistons
2000,Palace of Auburn       ,detroit pistons
2001,Palace of Auburn       ,detroit pistons
2002,Palace of Auburn       ,detroit pistons
2003,Palace of Auburn       ,detroit pistons
2004,Palace of Auburn       ,detroit pistons
2005,Palace of Auburn       ,detroit pistons
2006,Palace of Auburn       ,detroit pistons
2007,Palace of Auburn       ,detroit pistons
2008,Palace of Auburn       ,detroit pistons
2009,Palace of Auburn       ,detroit pistons
2010,Palace of Auburn       ,detroit pistons
2011,Palace of Auburn       ,detroit pistons
2012,Palace of Auburn       ,detroit pistons
2013,Palace of Auburn       ,detroit pistons
2014,Palace of Auburn       ,detroit pistons
2015,Palace of Auburn       ,detroit pistons
2016,Palace of Auburn       ,detroit pistons
2017,Palace of Auburn       ,detroit pistons
2018,Palace of Auburn       ,detroit pistons
1946,Philadelphia Arena              ,golden state warriors
1947,Philadelphia Arena              ,golden state warriors
1948,Philadelphia Arena              ,golden state warriors
1949,Philadelphia Arena              ,golden state warriors
1950,Philadelphia Arena              ,golden state warriors
1951,Philadelphia Arena              ,golden state warriors
1952,Convention Hall                 ,golden state warriors
1953,Convention Hall                 ,golden state warriors
1954,Convention Hall                 ,golden state warriors
1955,Convention Hall                 ,golden state warriors
1956,Convention Hall                 ,golden state warriors
1957,Convention Hall                 ,golden state warriors
1958,Convention Hall                 ,golden state warriors
1959,Convention Hall                 ,golden state warriors
1960,Convention Hall                 ,golden state warriors
1961,Convention Hall                 ,golden state warriors
1962,Cow Palace                  ,golden state warriors
1963,Cow Palace                  ,golden state warriors
1964,Civic Auditorium          ,golden state warriors
1965,Civic Auditorium          ,golden state warriors
1966,Cow Palace       ,golden state warriors
1967,Cow Palace              ,golden state warriors
1968,Cow Palace              ,golden state warriors
1969,Cow Palace              ,golden state warriors
1970,Cow Palace              ,golden state warriors
1971,Oakland Coliseum        ,golden state warriors
1972,Oakland Coliseum        ,golden state warriors
1973,Oakland Coliseum        ,golden state warriors
1974,Oakland Coliseum        ,golden state warriors
1975,Oakland Coliseum        ,golden state warriors
1976,Oakland Coliseum        ,golden state warriors
1977,Oakland Coliseum        ,golden state warriors
1978,Oakland Coliseum        ,golden state warriors
1979,Oakland Coliseum        ,golden state warriors
1980,Oakland Coliseum        ,golden state warriors
1981,Oakland Coliseum        ,golden state warriors
1982,Oakland Coliseum        ,golden state warriors
1983,Oakland Coliseum        ,golden state warriors
1984,Oakland Coliseum        ,golden state warriors
1985,Oakland Coliseum        ,golden state warriors
1986,Oakland Coliseum        ,golden state warriors
1987,Oakland Coliseum        ,golden state warriors
1988,Oakland Coliseum        ,golden state warriors
1989,Oakland Coliseum        ,golden state warriors
1990,Oakland Coliseum        ,golden state warriors
1991,Oakland Coliseum        ,golden state warriors
1992,Oakland Coliseum        ,golden state warriors
1993,Oakland Coliseum        ,golden state warriors
1994,Oakland Coliseum        ,golden state warriors
1995,Oakland Coliseum        ,golden state warriors
1996,San Jose Arena      ,golden state warriors
1997,The Arena in Oakland                ,golden state warriors
1998,The Arena in Oakland                ,golden state warriors
1999,The Arena in Oakland                ,golden state warriors
2000,The Arena in Oakland                ,golden state warriors
2001,The Arena in Oakland                ,golden state warriors
2002,The Arena in Oakland                ,golden state warriors
2003,The Arena in Oakland                ,golden state warriors
2004,The Arena in Oakland                ,golden state warriors
2005,The Arena in Oakland                ,golden state warriors
2006,Oracle Arena                        ,golden state warriors
2007,Oracle Arena                        ,golden state warriors
2008,Oracle Arena                        ,golden state warriors
2009,Oracle Arena                        ,golden state warriors
2010,Oracle Arena                        ,golden state warriors
2011,Oracle Arena                        ,golden state warriors
2012,Oracle Arena                        ,golden state warriors
2013,Oracle Arena                        ,golden state warriors
2014,Oracle Arena                        ,golden state warriors
2015,Oracle Arena                        ,golden state warriors
2016,Oracle Arena                        ,golden state warriors
2017,Oracle Arena                        ,golden state warriors
2018,Oracle Arena                        ,golden state warriors
1967,San Diego Sports Arena,houston rockets
1968,San Diego Sports Arena,houston rockets
1969,San Diego Sports Arena,houston rockets
1970,San Diego Sports Arena,houston rockets
1971,Hofheinz Pavilion                ,houston rockets
1972,Hofheinz Pavilion                ,houston rockets
1973,Hofheinz Pavilion                ,houston rockets
1974,Hofheinz Pavilion                ,houston rockets
1975,Compaq Center                    ,houston rockets
1976,Compaq Center                    ,houston rockets
1977,Compaq Center                    ,houston rockets
1978,Compaq Center                    ,houston rockets
1979,Compaq Center                    ,houston rockets
1980,Compaq Center                    ,houston rockets
1981,Compaq Center                    ,houston rockets
1982,Compaq Center                    ,houston rockets
1983,Compaq Center                    ,houston rockets
1984,Compaq Center                    ,houston rockets
1985,Compaq Center                    ,houston rockets
1986,Compaq Center                    ,houston rockets
1987,Compaq Center                    ,houston rockets
1988,Compaq Center                    ,houston rockets
1989,Compaq Center                    ,houston rockets
1990,Compaq Center                    ,houston rockets
1991,Compaq Center                    ,houston rockets
1992,Compaq Center                    ,houston rockets
1993,Compaq Center                    ,houston rockets
1994,Compaq Center                    ,houston rockets
1995,Compaq Center                    ,houston rockets
1996,Compaq Center                    ,houston rockets
1997,Compaq Center                    ,houston rockets
1998,Compaq Center                    ,houston rockets
1999,Compaq Center                    ,houston rockets
2000,Compaq Center                    ,houston rockets
2001,Compaq Center                    ,houston rockets
2002,Compaq Center                    ,houston rockets
2003,Toyota Center,houston rockets
2004,Toyota Center,houston rockets
2005,Toyota Center,houston rockets
2006,Toyota Center,houston rockets
2007,Toyota Center,houston rockets
2008,Toyota Center,houston rockets
2009,Toyota Center,houston rockets
2010,Toyota Center,houston rockets
2011,Toyota Center,houston rockets
2012,Toyota Center,houston rockets
2013,Toyota Center,houston rockets
2014,Toyota Center,houston rockets
2015,Toyota Center,houston rockets
2016,Toyota Center,houston rockets
2017,Toyota Center,houston rockets
2018,Toyota Center,houston rockets
1967,State Fairgrounds              ,indiana pacers
1968,State Fairgrounds              ,indiana pacers
1969,State Fairgrounds              ,indiana pacers
1970,State Fairgrounds              ,indiana pacers
1971,State Fairgrounds              ,indiana pacers
1972,State Fairgrounds              ,indiana pacers
1973,State Fairgrounds              ,indiana pacers
1974,Market Square Arena           ,indiana pacers
1975,Market Square Arena           ,indiana pacers
1976,Market Square Arena           ,indiana pacers
1977,Market Square Arena           ,indiana pacers
1978,Market Square Arena           ,indiana pacers
1979,Market Square Arena           ,indiana pacers
1980,Market Square Arena           ,indiana pacers
1981,Market Square Arena           ,indiana pacers
1982,Market Square Arena           ,indiana pacers
1983,Market Square Arena           ,indiana pacers
1984,Market Square Arena           ,indiana pacers
1985,Market Square Arena           ,indiana pacers
1986,Market Square Arena           ,indiana pacers
1987,Market Square Arena           ,indiana pacers
1988,Market Square Arena           ,indiana pacers
1989,Market Square Arena           ,indiana pacers
1990,Market Square Arena           ,indiana pacers
1991,Market Square Arena           ,indiana pacers
1992,Market Square Arena           ,indiana pacers
1993,Market Square Arena           ,indiana pacers
1994,Market Square Arena           ,indiana pacers
1995,Market Square Arena           ,indiana pacers
1996,Market Square Arena           ,indiana pacers
1997,Market Square Arena           ,indiana pacers
1998,Market Square Arena           ,indiana pacers
1999,Conseco Fieldhouse            ,indiana pacers
2000,Conseco Fieldhouse            ,indiana pacers
2001,Conseco Fieldhouse            ,indiana pacers
2002,Conseco Fieldhouse            ,indiana pacers
2003,Conseco Fieldhouse            ,indiana pacers
2004,Conseco Fieldhouse            ,indiana pacers
2005,Conseco Fieldhouse            ,indiana pacers
2006,Conseco Fieldhouse            ,indiana pacers
2007,Conseco Fieldhouse            ,indiana pacers
2008,Conseco Fieldhouse            ,indiana pacers
2009,Conseco Fieldhouse            ,indiana pacers
2010,Bankers Life Fieldhouse       ,indiana pacers
2011,Bankers Life Fieldhouse       ,indiana pacers
2012,Bankers Life Fieldhouse       ,indiana pacers
2013,Bankers Life Fieldhouse       ,indiana pacers
2014,Bankers Life Fieldhouse       ,indiana pacers
2015,Bankers Life Fieldhouse       ,indiana pacers
2016,Bankers Life Fieldhouse       ,indiana pacers
2017,Bankers Life Fieldhouse       ,indiana pacers
2018,Bankers Life Fieldhouse       ,indiana pacers
1970,Memorial Auditorium              ,los angeles clippers
1971,Memorial Auditorium              ,los angeles clippers
1972,Memorial Auditorium              ,los angeles clippers
1973,Memorial Auditorium              ,los angeles clippers
1974,Memorial Auditorium              ,los angeles clippers
1975,Memorial Auditorium              ,los angeles clippers
1976,Memorial Auditorium              ,los angeles clippers
1977,Memorial Auditorium              ,los angeles clippers
1978,San Diego Sports Arena  ,los angeles clippers
1979,San Diego Sports Arena  ,los angeles clippers
1980,San Diego Sports Arena  ,los angeles clippers
1981,San Diego Sports Arena  ,los angeles clippers
1982,San Diego Sports Arena  ,los angeles clippers
1983,San Diego Sports Arena  ,los angeles clippers
1985,Los Angeles Sports Arena  ,los angeles clippers
1986,Los Angeles Sports Arena  ,los angeles clippers
1987,Los Angeles Sports Arena  ,los angeles clippers
1988,Los Angeles Sports Arena  ,los angeles clippers
1989,Los Angeles Sports Arena  ,los angeles clippers
1990,Los Angeles Sports Arena  ,los angeles clippers
1991,Los Angeles Sports Arena  ,los angeles clippers
1992,Los Angeles Sports Arena  ,los angeles clippers
1993,Los Angeles Sports Arena  ,los angeles clippers
1994,Los Angeles Sports Arena ,los angeles clippers
1995,Los Angeles Sports Arena ,los angeles clippers
1996,Los Angeles Sports Arena ,los angeles clippers
1997,Los Angeles Sports Arena ,los angeles clippers
1998,Los Angeles Sports Arena ,los angeles clippers
1999,Staples Center   ,los angeles clippers
2000,Staples Center   ,los angeles clippers
2001,Staples Center   ,los angeles clippers
2002,Staples Center   ,los angeles clippers
2003,Staples Center   ,los angeles clippers
2004,Staples Center   ,los angeles clippers
2005,Staples Center   ,los angeles clippers
2006,Staples Center   ,los angeles clippers
2007,Staples Center   ,los angeles clippers
2008,Staples Center   ,los angeles clippers
2009,Staples Center   ,los angeles clippers
2010,Staples Center   ,los angeles clippers
2011,Staples Center   ,los angeles clippers
2012,Staples Center   ,los angeles clippers
2013,Staples Center   ,los angeles clippers
2014,Staples Center   ,los angeles clippers
2015,Staples Center   ,los angeles clippers
2016,Staples Center   ,los angeles clippers
2017,Staples Center   ,los angeles clippers
2018,Staples Center   ,los angeles clippers
1948,Minneapolis Auditorium        ,los angeles lakers
1949,Minneapolis Auditorium        ,los angeles lakers
1950,Minneapolis Auditorium        ,los angeles lakers
1951,Minneapolis Auditorium        ,los angeles lakers
1952,Minneapolis Auditorium        ,los angeles lakers
1953,Minneapolis Auditorium        ,los angeles lakers
1954,Minneapolis Auditorium        ,los angeles lakers
1955,Minneapolis Auditorium        ,los angeles lakers
1956,Minneapolis Auditorium        ,los angeles lakers
1957,Minneapolis Auditorium        ,los angeles lakers
1958,Minneapolis Auditorium        ,los angeles lakers
1959,Minneapolis Auditorium        ,los angeles lakers
1960,Los Angeles Sports Arena  ,los angeles lakers
1961,Los Angeles Sports Arena  ,los angeles lakers
1962,Los Angeles Sports Arena  ,los angeles lakers
1963,Los Angeles Sports Arena  ,los angeles lakers
1964,Los Angeles Sports Arena  ,los angeles lakers
1965,Los Angeles Sports Arena  ,los angeles lakers
1966,Los Angeles Sports Arena  ,los angeles lakers
1967,Great Western Forum             ,los angeles lakers
1968,Great Western Forum             ,los angeles lakers
1969,Great Western Forum             ,los angeles lakers
1970,Great Western Forum             ,los angeles lakers
1971,Great Western Forum             ,los angeles lakers
1972,Great Western Forum             ,los angeles lakers
1973,Great Western Forum             ,los angeles lakers
1974,Great Western Forum             ,los angeles lakers
1975,Great Western Forum             ,los angeles lakers
1976,Great Western Forum             ,los angeles lakers
1977,Great Western Forum             ,los angeles lakers
1978,Great Western Forum             ,los angeles lakers
1979,Great Western Forum             ,los angeles lakers
1980,Great Western Forum             ,los angeles lakers
1981,Great Western Forum             ,los angeles lakers
1982,Great Western Forum             ,los angeles lakers
1983,Great Western Forum             ,los angeles lakers
1984,Great Western Forum             ,los angeles lakers
1985,Great Western Forum             ,los angeles lakers
1986,Great Western Forum             ,los angeles lakers
1987,Great Western Forum             ,los angeles lakers
1988,Great Western Forum             ,los angeles lakers
1989,Great Western Forum             ,los angeles lakers
1990,Great Western Forum             ,los angeles lakers
1991,Great Western Forum             ,los angeles lakers
1992,Great Western Forum             ,los angeles lakers
1993,Great Western Forum             ,los angeles lakers
1994,Great Western Forum             ,los angeles lakers
1995,Great Western Forum             ,los angeles lakers
1996,Great Western Forum             ,los angeles lakers
1997,Great Western Forum             ,los angeles lakers
1998,Great Western Forum             ,los angeles lakers
1999,Staples Center              ,los angeles lakers
2000,Staples Center              ,los angeles lakers
2001,Staples Center              ,los angeles lakers
2002,Staples Center              ,los angeles lakers
2003,Staples Center              ,los angeles lakers
2004,Staples Center              ,los angeles lakers
2005,Staples Center              ,los angeles lakers
2006,Staples Center              ,los angeles lakers
2007,Staples Center              ,los angeles lakers
2008,Staples Center              ,los angeles lakers
2009,Staples Center              ,los angeles lakers
2010,Staples Center              ,los angeles lakers
2011,Staples Center              ,los angeles lakers
2012,Staples Center              ,los angeles lakers
2013,Staples Center              ,los angeles lakers
2014,Staples Center              ,los angeles lakers
2015,Staples Center              ,los angeles lakers
2016,Staples Center              ,los angeles lakers
2017,Staples Center              ,los angeles lakers
2018,Staples Center              ,los angeles lakers
1995,General Motors Place           ,memphis grizzlies
1996,General Motors Place           ,memphis grizzlies
1997,General Motors Place           ,memphis grizzlies
1998,General Motors Place           ,memphis grizzlies
1999,General Motors Place           ,memphis grizzlies
2000,General Motors Place           ,memphis grizzlies
2001,The Pryamid                     ,memphis grizzlies
2002,The Pryamid                     ,memphis grizzlies
2003,The Pryamid                     ,memphis grizzlies
2004,FedEx Forum                      ,memphis grizzlies
2005,FedEx Forum                      ,memphis grizzlies
2006,FedEx Forum                      ,memphis grizzlies
2007,FedEx Forum                      ,memphis grizzlies
2008,FedEx Forum                      ,memphis grizzlies
2009,FedEx Forum                      ,memphis grizzlies
2010,FedEx Forum                      ,memphis grizzlies
2011,FedEx Forum                      ,memphis grizzlies
2012,FedEx Forum                      ,memphis grizzlies
2013,FedEx Forum                      ,memphis grizzlies
2014,FedEx Forum                      ,memphis grizzlies
2015,FedEx Forum                      ,memphis grizzlies
2016,FedEx Forum                      ,memphis grizzlies
2017,FedEx Forum                      ,memphis grizzlies
2018,FedEx Forum                      ,memphis grizzlies
1988,Miami Arena                        ,miami heat
1989,Miami Arena                        ,miami heat
1990,Miami Arena                        ,miami heat
1991,Miami Arena                        ,miami heat
1992,Miami Arena                        ,miami heat
1993,Miami Arena                        ,miami heat
1994,Miami Arena                        ,miami heat
1995,Miami Arena                        ,miami heat
1996,Miami Arena                        ,miami heat
1997,Miami Arena                        ,miami heat
1998,Miami Arena                        ,miami heat
1999,American Airlines Arena            ,miami heat
2000,American Airlines Arena            ,miami heat
2001,American Airlines Arena            ,miami heat
2002,American Airlines Arena            ,miami heat
2003,American Airlines Arena            ,miami heat
2004,American Airlines Arena            ,miami heat
2005,American Airlines Arena            ,miami heat
2006,American Airlines Arena            ,miami heat
2007,American Airlines Arena            ,miami heat
2008,American Airlines Arena            ,miami heat
2009,American Airlines Arena            ,miami heat
2010,American Airlines Arena            ,miami heat
2011,American Airlines Arena            ,miami heat
2012,American Airlines Arena            ,miami heat
2013,American Airlines Arena            ,miami heat
2014,American Airlines Arena            ,miami heat
2015,American Airlines Arena            ,miami heat
2016,American Airlines Arena            ,miami heat
2017,American Airlines Arena            ,miami heat
2018,American Airlines Arena            ,miami heat
1989,Hubert H. Humphrey Metrodome   ,minnesota timberwolves
1990,Target Center                 ,minnesota timberwolves
1991,Target Center                 ,minnesota timberwolves
1992,Target Center                 ,minnesota timberwolves
1993,Target Center                 ,minnesota timberwolves
1994,Target Center                 ,minnesota timberwolves
1995,Target Center                 ,minnesota timberwolves
1996,Target Center                 ,minnesota timberwolves
1997,Target Center                 ,minnesota timberwolves
1998,Target Center                 ,minnesota timberwolves
1999,Target Center                 ,minnesota timberwolves
2000,Target Center                 ,minnesota timberwolves
2001,Target Center                 ,minnesota timberwolves
2002,Target Center                 ,minnesota timberwolves
2003,Target Center                 ,minnesota timberwolves
2004,Target Center                 ,minnesota timberwolves
2005,Target Center                 ,minnesota timberwolves
2006,Target Center                 ,minnesota timberwolves
2007,Target Center                 ,minnesota timberwolves
2008,Target Center                 ,minnesota timberwolves
2009,Target Center                 ,minnesota timberwolves
2010,Target Center                 ,minnesota timberwolves
2011,Target Center                 ,minnesota timberwolves
2012,Target Center                 ,minnesota timberwolves
2013,Target Center                 ,minnesota timberwolves
2014,Target Center                 ,minnesota timberwolves
2015,Target Center                 ,minnesota timberwolves
2016,Target Center                 ,minnesota timberwolves
2017,Target Center                 ,minnesota timberwolves
2018,Target Center                 ,minnesota timberwolves
1968,Milwaukee Arena                ,milwaukee bucks
1969,Milwaukee Arena                ,milwaukee bucks
1970,Milwaukee Arena                ,milwaukee bucks
1971,Milwaukee Arena                ,milwaukee bucks
1972,Milwaukee Arena                ,milwaukee bucks
1973,Milwaukee Arena                ,milwaukee bucks
1974,Milwaukee Arena                ,milwaukee bucks
1975,Milwaukee Arena                ,milwaukee bucks
1976,Milwaukee Arena                ,milwaukee bucks
1977,Milwaukee Arena                ,milwaukee bucks
1978,Milwaukee Arena                ,milwaukee bucks
1979,Milwaukee Arena                ,milwaukee bucks
1980,Milwaukee Arena                ,milwaukee bucks
1981,Milwaukee Arena                ,milwaukee bucks
1982,Milwaukee Arena                ,milwaukee bucks
1983,Milwaukee Arena                ,milwaukee bucks
1984,Milwaukee Arena                ,milwaukee bucks
1985,Milwaukee Arena                ,milwaukee bucks
1986,Milwaukee Arena                ,milwaukee bucks
1987,Milwaukee Arena                ,milwaukee bucks
1988,Bradley Center                 ,milwaukee bucks
1989,Bradley Center                 ,milwaukee bucks
1990,Bradley Center                 ,milwaukee bucks
1991,Bradley Center                 ,milwaukee bucks
1992,Bradley Center                 ,milwaukee bucks
1993,Bradley Center                 ,milwaukee bucks
1994,Bradley Center                 ,milwaukee bucks
1995,Bradley Center                 ,milwaukee bucks
1996,Bradley Center                 ,milwaukee bucks
1997,Bradley Center                 ,milwaukee bucks
1998,Bradley Center                 ,milwaukee bucks
1999,Bradley Center                 ,milwaukee bucks
2000,Bradley Center                 ,milwaukee bucks
2001,Bradley Center                 ,milwaukee bucks
2002,Bradley Center                 ,milwaukee bucks
2003,Bradley Center                 ,milwaukee bucks
2004,Bradley Center                 ,milwaukee bucks
2005,Bradley Center                 ,milwaukee bucks
2006,Bradley Center                 ,milwaukee bucks
2007,Bradley Center                 ,milwaukee bucks
2008,Bradley Center                 ,milwaukee bucks
2009,Bradley Center                 ,milwaukee bucks
2010,Bradley Center                 ,milwaukee bucks
2011,Bradley Center                 ,milwaukee bucks
2012,Bradley Center                 ,milwaukee bucks
2013,Bradley Center                 ,milwaukee bucks
2014,Bradley Center                 ,milwaukee bucks
2015,Bradley Center                 ,milwaukee bucks
2016,Bradley Center                 ,milwaukee bucks
2017,Bradley Center                 ,milwaukee bucks
2018,Bradley Center                 ,milwaukee bucks
1967,Teaneck Armory                    ,brooklyn nets
1968,Long Island Arena                 ,brooklyn nets
1969,Island Garden            ,brooklyn nets
1970,Island Garden            ,brooklyn nets
1971,Nassau Coliseum                ,brooklyn nets
1972,Nassau Coliseum                ,brooklyn nets
1973,Nassau Coliseum                ,brooklyn nets
1974,Nassau Coliseum                ,brooklyn nets
1975,Nassau Coliseum                ,brooklyn nets
1976,Nassau Coliseum                ,brooklyn nets
1977,Rutgers Athletic Center        ,brooklyn nets
1978,Rutgers Athletic Center        ,brooklyn nets
1979,Rutgers Athletic Center        ,brooklyn nets
1980,Rutgers Athletic Center        ,brooklyn nets
1981,Continental Airlines Arena    ,brooklyn nets
1982,Continental Airlines Arena    ,brooklyn nets
1983,Continental Airlines Arena    ,brooklyn nets
1984,Continental Airlines Arena    ,brooklyn nets
1985,Continental Airlines Arena    ,brooklyn nets
1986,Continental Airlines Arena    ,brooklyn nets
1987,Continental Airlines Arena    ,brooklyn nets
1988,Continental Airlines Arena    ,brooklyn nets
1989,Continental Airlines Arena    ,brooklyn nets
1990,Continental Airlines Arena    ,brooklyn nets
1991,Continental Airlines Arena    ,brooklyn nets
1992,Continental Airlines Arena    ,brooklyn nets
1993,Continental Airlines Arena    ,brooklyn nets
1994,Continental Airlines Arena    ,brooklyn nets
1995,Continental Airlines Arena    ,brooklyn nets
1996,Continental Airlines Arena    ,brooklyn nets
1997,Continental Airlines Arena    ,brooklyn nets
1998,Continental Airlines Arena    ,brooklyn nets
1999,Continental Airlines Arena    ,brooklyn nets
2000,Continental Airlines Arena    ,brooklyn nets
2001,Continental Airlines Arena    ,brooklyn nets
2002,Continental Airlines Arena    ,brooklyn nets
2003,Continental Airlines Arena    ,brooklyn nets
2004,Continental Airlines Arena    ,brooklyn nets
2005,Continental Airlines Arena    ,brooklyn nets
2006,Continental Airlines Arena    ,brooklyn nets
2007,Continental Airlines Arena    ,brooklyn nets
2008,Continental Airlines Arena    ,brooklyn nets
2009,Continental Airlines Arena    ,brooklyn nets
2010,Continental Airlines Arena    ,brooklyn nets
2011,Continental Airlines Arena    ,brooklyn nets
2012,Barclays Center                  ,brooklyn nets
2013,Barclays Center                  ,brooklyn nets
2014,Barclays Center                  ,brooklyn nets
2015,Barclays Center                  ,brooklyn nets
2016,Barclays Center                  ,brooklyn nets
2017,Barclays Center                  ,brooklyn nets
2018,Barclays Center                  ,brooklyn nets
1988,Charlotte Coliseum              ,new orleans pelicans
1989,Charlotte Coliseum              ,new orleans pelicans
1990,Charlotte Coliseum              ,new orleans pelicans
1991,Charlotte Coliseum              ,new orleans pelicans
1992,Charlotte Coliseum              ,new orleans pelicans
1993,Charlotte Coliseum              ,new orleans pelicans
1994,Charlotte Coliseum              ,new orleans pelicans
1995,Charlotte Coliseum              ,new orleans pelicans
1996,Charlotte Coliseum              ,new orleans pelicans
1997,Charlotte Coliseum              ,new orleans pelicans
1998,Charlotte Coliseum              ,new orleans pelicans
1999,Charlotte Coliseum              ,new orleans pelicans
2000,Charlotte Coliseum              ,new orleans pelicans
2002,New Orleans Arena         ,new orleans pelicans
2003,New Orleans Arena         ,new orleans pelicans
2004,New Orleans Arena         ,new orleans pelicans
2005,New Orleans Arena         ,new orleans pelicans
2006,New Orleans Arena         ,new orleans pelicans
2007,New Orleans Arena         ,new orleans pelicans
2008,New Orleans Arena         ,new orleans pelicans
2009,New Orleans Arena         ,new orleans pelicans
2010,New Orleans Arena         ,new orleans pelicans
2011,New Orleans Arena         ,new orleans pelicans
2012,New Orleans Arena         ,new orleans pelicans
2013,New Orleans Arena         ,new orleans pelicans
2014,Smoothie King Center     ,new orleans pelicans
2015,Smoothie King Center     ,new orleans pelicans
2016,Smoothie King Center     ,new orleans pelicans
2017,Smoothie King Center     ,new orleans pelicans
2018,Smoothie King Center     ,new orleans pelicans
1946,Madison Square Garden III     ,new york knicks
1947,Madison Square Garden III     ,new york knicks
1948,Madison Square Garden III     ,new york knicks
1949,Madison Square Garden III     ,new york knicks
1950,Madison Square Garden III     ,new york knicks
1951,Madison Square Garden III     ,new york knicks
1952,Madison Square Garden III     ,new york knicks
1953,Madison Square Garden III     ,new york knicks
1954,Madison Square Garden III     ,new york knicks
1955,Madison Square Garden III     ,new york knicks
1956,Madison Square Garden III     ,new york knicks
1957,Madison Square Garden III     ,new york knicks
1958,Madison Square Garden III     ,new york knicks
1959,Madison Square Garden III     ,new york knicks
1960,Madison Square Garden III     ,new york knicks
1961,Madison Square Garden III     ,new york knicks
1962,Madison Square Garden III     ,new york knicks
1963,Madison Square Garden III     ,new york knicks
1964,Madison Square Garden III     ,new york knicks
1965,Madison Square Garden III     ,new york knicks
1966,Madison Square Garden III     ,new york knicks
1967,Madison Square Garden III     ,new york knicks
1968,Madison Square Garden IV    ,new york knicks
1969,Madison Square Garden IV    ,new york knicks
1970,Madison Square Garden IV    ,new york knicks
1971,Madison Square Garden IV    ,new york knicks
1972,Madison Square Garden IV    ,new york knicks
1973,Madison Square Garden IV    ,new york knicks
1974,Madison Square Garden IV    ,new york knicks
1975,Madison Square Garden IV    ,new york knicks
1976,Madison Square Garden IV    ,new york knicks
1977,Madison Square Garden IV    ,new york knicks
1978,Madison Square Garden IV    ,new york knicks
1979,Madison Square Garden IV    ,new york knicks
1980,Madison Square Garden IV    ,new york knicks
1981,Madison Square Garden IV    ,new york knicks
1982,Madison Square Garden IV    ,new york knicks
1983,Madison Square Garden IV    ,new york knicks
1984,Madison Square Garden IV    ,new york knicks
1985,Madison Square Garden IV    ,new york knicks
1986,Madison Square Garden IV    ,new york knicks
1987,Madison Square Garden IV    ,new york knicks
1988,Madison Square Garden IV    ,new york knicks
1989,Madison Square Garden IV    ,new york knicks
1990,Madison Square Garden IV    ,new york knicks
1991,Madison Square Garden IV    ,new york knicks
1992,Madison Square Garden IV    ,new york knicks
1993,Madison Square Garden IV    ,new york knicks
1994,Madison Square Garden IV    ,new york knicks
1995,Madison Square Garden IV    ,new york knicks
1996,Madison Square Garden IV    ,new york knicks
1997,Madison Square Garden IV    ,new york knicks
1998,Madison Square Garden IV    ,new york knicks
1999,Madison Square Garden IV    ,new york knicks
2000,Madison Square Garden IV    ,new york knicks
2001,Madison Square Garden IV    ,new york knicks
2002,Madison Square Garden IV    ,new york knicks
2003,Madison Square Garden IV    ,new york knicks
2004,Madison Square Garden IV    ,new york knicks
2005,Madison Square Garden IV    ,new york knicks
2006,Madison Square Garden IV    ,new york knicks
2007,Madison Square Garden IV    ,new york knicks
2008,Madison Square Garden IV    ,new york knicks
2009,Madison Square Garden IV    ,new york knicks
2010,Madison Square Garden IV    ,new york knicks
2011,Madison Square Garden IV    ,new york knicks
2012,Madison Square Garden IV    ,new york knicks
2013,Madison Square Garden IV    ,new york knicks
2014,Madison Square Garden IV    ,new york knicks
2015,Madison Square Garden IV    ,new york knicks
2016,Madison Square Garden IV    ,new york knicks
2017,Madison Square Garden IV    ,new york knicks
2018,Madison Square Garden IV    ,new york knicks
1989,Orlando Arena                     ,orlando magic
1990,Orlando Arena                     ,orlando magic
1991,Orlando Arena                     ,orlando magic
1992,Orlando Arena                     ,orlando magic
1993,Orlando Arena                     ,orlando magic
1994,Orlando Arena                     ,orlando magic
1995,Orlando Arena                     ,orlando magic
1996,Orlando Arena                     ,orlando magic
1997,TD Waterhouse Arena               ,orlando magic
1998,TD Waterhouse Arena               ,orlando magic
1999,TD Waterhouse Arena               ,orlando magic
2000,TD Waterhouse Arena               ,orlando magic
2001,TD Waterhouse Arena               ,orlando magic
2002,TD Waterhouse Arena               ,orlando magic
2003,TD Waterhouse Arena               ,orlando magic
2004,TD Waterhouse Arena               ,orlando magic
2005,TD Waterhouse Arena               ,orlando magic
2006,TD Waterhouse Arena               ,orlando magic
2007,TD Waterhouse Arena               ,orlando magic
2008,TD Waterhouse Arena               ,orlando magic
2009,TD Waterhouse Arena               ,orlando magic
2010,Amway Center                      ,orlando magic
2011,Amway Center                      ,orlando magic
2012,Amway Center                      ,orlando magic
2013,Amway Center                      ,orlando magic
2014,Amway Center                      ,orlando magic
2015,Amway Center                      ,orlando magic
2016,Amway Center                      ,orlando magic
2017,Amway Center                      ,orlando magic
2018,Amway Center                      ,orlando magic
1949,State Fair Coliseum               ,philadelphia sixers
1950,State Fair Coliseum               ,philadelphia sixers
1951,Onondaga County War Memorial      ,philadelphia sixers
1952,Onondaga County War Memorial      ,philadelphia sixers
1953,Onondaga County War Memorial      ,philadelphia sixers
1954,Onondaga County War Memorial      ,philadelphia sixers
1955,Onondaga County War Memorial      ,philadelphia sixers
1956,Onondaga County War Memorial      ,philadelphia sixers
1957,Onondaga County War Memorial      ,philadelphia sixers
1958,Onondaga County War Memorial      ,philadelphia sixers
1959,Onondaga County War Memorial      ,philadelphia sixers
1960,Onondaga County War Memorial      ,philadelphia sixers
1961,Onondaga County War Memorial      ,philadelphia sixers
1962,Onondaga County War Memorial      ,philadelphia sixers
1963,Convention Hall               ,philadelphia sixers
1964,Convention Hall               ,philadelphia sixers
1965,Convention Hall               ,philadelphia sixers
1966,Convention Hall               ,philadelphia sixers
1967,First Union Spectrum          ,philadelphia sixers
1968,First Union Spectrum          ,philadelphia sixers
1969,First Union Spectrum          ,philadelphia sixers
1970,First Union Spectrum          ,philadelphia sixers
1971,First Union Spectrum          ,philadelphia sixers
1972,First Union Spectrum          ,philadelphia sixers
1973,First Union Spectrum          ,philadelphia sixers
1974,First Union Spectrum          ,philadelphia sixers
1975,First Union Spectrum          ,philadelphia sixers
1976,First Union Spectrum          ,philadelphia sixers
1977,First Union Spectrum          ,philadelphia sixers
1978,First Union Spectrum          ,philadelphia sixers
1979,First Union Spectrum          ,philadelphia sixers
1980,First Union Spectrum          ,philadelphia sixers
1981,First Union Spectrum          ,philadelphia sixers
1982,First Union Spectrum          ,philadelphia sixers
1983,First Union Spectrum          ,philadelphia sixers
1984,First Union Spectrum          ,philadelphia sixers
1985,First Union Spectrum          ,philadelphia sixers
1986,First Union Spectrum          ,philadelphia sixers
1987,First Union Spectrum          ,philadelphia sixers
1988,First Union Spectrum          ,philadelphia sixers
1989,First Union Spectrum          ,philadelphia sixers
1990,First Union Spectrum          ,philadelphia sixers
1991,First Union Spectrum          ,philadelphia sixers
1992,First Union Spectrum          ,philadelphia sixers
1993,First Union Spectrum          ,philadelphia sixers
1994,First Union Spectrum          ,philadelphia sixers
1995,First Union Spectrum          ,philadelphia sixers
1996,First Union Center            ,philadelphia sixers
1997,First Union Center            ,philadelphia sixers
1998,First Union Center            ,philadelphia sixers
1999,First Union Center            ,philadelphia sixers
2000,First Union Center            ,philadelphia sixers
2001,First Union Center            ,philadelphia sixers
2002,First Union Center            ,philadelphia sixers
2003,Wahcovia center                 ,philadelphia sixers
2004,Wahcovia center                 ,philadelphia sixers
2005,Wahcovia center                 ,philadelphia sixers
2006,Wahcovia center                 ,philadelphia sixers
2007,Wahcovia center                 ,philadelphia sixers
2008,Wahcovia center                 ,philadelphia sixers
2009,Wahcovia center                 ,philadelphia sixers
2010,Wells Fargo Center            ,philadelphia sixers
2011,Wells Fargo Center            ,philadelphia sixers
2012,Wells Fargo Center            ,philadelphia sixers
2013,Wells Fargo Center            ,philadelphia sixers
2014,Wells Fargo Center            ,philadelphia sixers
2015,Wells Fargo Center            ,philadelphia sixers
2016,Wells Fargo Center            ,philadelphia sixers
2017,Wells Fargo Center            ,philadelphia sixers
2018,Wells Fargo Center            ,philadelphia sixers
1968,Arizona Veterans' Memorial Coliseum   ,phoenix suns
1969,Arizona Veterans' Memorial Coliseum   ,phoenix suns
1970,Arizona Veterans' Memorial Coliseum   ,phoenix suns
1971,Arizona Veterans' Memorial Coliseum   ,phoenix suns
1972,Arizona Veterans' Memorial Coliseum   ,phoenix suns
1973,Arizona Veterans' Memorial Coliseum   ,phoenix suns
1974,Arizona Veterans' Memorial Coliseum   ,phoenix suns
1975,Arizona Veterans' Memorial Coliseum   ,phoenix suns
1976,Arizona Veterans' Memorial Coliseum   ,phoenix suns
1977,Arizona Veterans' Memorial Coliseum   ,phoenix suns
1978,Arizona Veterans' Memorial Coliseum   ,phoenix suns
1979,Arizona Veterans' Memorial Coliseum   ,phoenix suns
1980,Arizona Veterans' Memorial Coliseum   ,phoenix suns
1981,Arizona Veterans' Memorial Coliseum   ,phoenix suns
1982,Arizona Veterans' Memorial Coliseum   ,phoenix suns
1983,Arizona Veterans' Memorial Coliseum   ,phoenix suns
1984,Arizona Veterans' Memorial Coliseum   ,phoenix suns
1985,Arizona Veterans' Memorial Coliseum   ,phoenix suns
1986,Arizona Veterans' Memorial Coliseum   ,phoenix suns
1987,Arizona Veterans' Memorial Coliseum   ,phoenix suns
1988,Arizona Veterans' Memorial Coliseum   ,phoenix suns
1989,Arizona Veterans' Memorial Coliseum   ,phoenix suns
1990,Arizona Veterans' Memorial Coliseum   ,phoenix suns
1991,Arizona Veterans' Memorial Coliseum   ,phoenix suns
1992,America West Arena                ,phoenix suns
1993,America West Arena                ,phoenix suns
1994,America West Arena                ,phoenix suns
1995,America West Arena                ,phoenix suns
1996,America West Arena                ,phoenix suns
1997,America West Arena                ,phoenix suns
1998,America West Arena                ,phoenix suns
1999,America West Arena                ,phoenix suns
2000,America West Arena                ,phoenix suns
2001,America West Arena                ,phoenix suns
2002,America West Arena                ,phoenix suns
2003,America West Arena                ,phoenix suns
2004,America West Arena                ,phoenix suns
2005,America West Arena                ,phoenix suns
2006,America West Arena                ,phoenix suns
2007,America West Arena                ,phoenix suns
2008,America West Arena                ,phoenix suns
2009,America West Arena                ,phoenix suns
2010,America West Arena                ,phoenix suns
2011,America West Arena                ,phoenix suns
2012,America West Arena                ,phoenix suns
2013,America West Arena                ,phoenix suns
2014,America West Arena                ,phoenix suns
2015,Talking Stick Resort Arena        ,phoenix suns
2016,Talking Stick Resort Arena        ,phoenix suns
2017,Talking Stick Resort Arena        ,phoenix suns
2018,Talking Stick Resort Arena        ,phoenix suns
1970,Memorial Coliseum                ,portland trailblazers
1971,Memorial Coliseum                ,portland trailblazers
1972,Memorial Coliseum                ,portland trailblazers
1973,Memorial Coliseum                ,portland trailblazers
1974,Memorial Coliseum                ,portland trailblazers
1975,Memorial Coliseum                ,portland trailblazers
1976,Memorial Coliseum                ,portland trailblazers
1977,Memorial Coliseum                ,portland trailblazers
1978,Memorial Coliseum                ,portland trailblazers
1979,Memorial Coliseum                ,portland trailblazers
1980,Memorial Coliseum                ,portland trailblazers
1981,Memorial Coliseum                ,portland trailblazers
1982,Memorial Coliseum                ,portland trailblazers
1983,Memorial Coliseum                ,portland trailblazers
1984,Memorial Coliseum                ,portland trailblazers
1985,Memorial Coliseum                ,portland trailblazers
1986,Memorial Coliseum                ,portland trailblazers
1987,Memorial Coliseum                ,portland trailblazers
1988,Memorial Coliseum                ,portland trailblazers
1989,Memorial Coliseum                ,portland trailblazers
1990,Memorial Coliseum                ,portland trailblazers
1991,Memorial Coliseum                ,portland trailblazers
1992,Memorial Coliseum                ,portland trailblazers
1993,Memorial Coliseum                ,portland trailblazers
1994,Memorial Coliseum                ,portland trailblazers
1995,Rose Garden                      ,portland trailblazers
1996,Rose Garden                      ,portland trailblazers
1997,Rose Garden                      ,portland trailblazers
1998,Rose Garden                      ,portland trailblazers
1999,Rose Garden                      ,portland trailblazers
2000,Rose Garden                      ,portland trailblazers
2001,Rose Garden                      ,portland trailblazers
2002,Rose Garden                      ,portland trailblazers
2003,Rose Garden                      ,portland trailblazers
2004,Rose Garden                      ,portland trailblazers
2005,Rose Garden                      ,portland trailblazers
2006,Rose Garden                      ,portland trailblazers
2007,Rose Garden                      ,portland trailblazers
2008,Rose Garden                      ,portland trailblazers
2009,Rose Garden                      ,portland trailblazers
2010,Rose Garden                      ,portland trailblazers
2011,Rose Garden                      ,portland trailblazers
2012,Rose Garden                      ,portland trailblazers
2013,Rose Garden                      ,portland trailblazers
2014,Moda Center                      ,portland trailblazers
2015,Moda Center                      ,portland trailblazers
2016,Moda Center                      ,portland trailblazers
2017,Moda Center                      ,portland trailblazers
2018,Moda Center                      ,portland trailblazers
1948,Edgarton Park Arena              ,sacramento kings
1949,Edgarton Park Arena              ,sacramento kings
1950,Edgarton Park Arena              ,sacramento kings
1951,Edgarton Park Arena              ,sacramento kings
1952,Edgarton Park Arena              ,sacramento kings
1953,Edgarton Park Arena              ,sacramento kings
1954,Edgarton Park Arena              ,sacramento kings
1955,Rochester War Memorial          ,sacramento kings
1956,Rochester War Memorial          ,sacramento kings
1957,Rochester War Memorial          ,sacramento kings
1958,Cincinnati Gardens             ,sacramento kings
1959,Cincinnati Gardens             ,sacramento kings
1960,Cincinnati Gardens             ,sacramento kings
1961,Cincinnati Gardens             ,sacramento kings
1962,Cincinnati Gardens             ,sacramento kings
1963,Cincinnati Gardens             ,sacramento kings
1964,Cincinnati Gardens             ,sacramento kings
1965,Cincinnati Gardens             ,sacramento kings
1966,Cincinnati Gardens             ,sacramento kings
1967,Cincinnati Gardens             ,sacramento kings
1968,Cincinnati Gardens             ,sacramento kings
1969,Cincinnati Gardens             ,sacramento kings
1970,Cincinnati Gardens             ,sacramento kings
1971,Cincinnati Gardens             ,sacramento kings
1972,Municipal Auditorium      ,sacramento kings
1973,Municipal Auditorium      ,sacramento kings
1974,Kemper Arena           ,sacramento kings
1975,Kemper Arena           ,sacramento kings
1976,Kemper Arena           ,sacramento kings
1977,Kemper Arena           ,sacramento kings
1978,Kemper Arena               ,sacramento kings
1979,Kemper Arena               ,sacramento kings
1980,Kemper Arena               ,sacramento kings
1981,Kemper Arena               ,sacramento kings
1982,Kemper Arena               ,sacramento kings
1983,Kemper Arena               ,sacramento kings
1984,Kemper Arena               ,sacramento kings
1985,ARCO Arena I                   ,sacramento kings
1986,ARCO Arena I                   ,sacramento kings
1987,ARCO Arena I                   ,sacramento kings
1988,ARCO Arena II                  ,sacramento kings
1989,ARCO Arena II                  ,sacramento kings
1990,ARCO Arena II                  ,sacramento kings
1991,ARCO Arena II                  ,sacramento kings
1992,ARCO Arena II                  ,sacramento kings
1993,ARCO Arena II                  ,sacramento kings
1994,ARCO Arena II                  ,sacramento kings
1995,ARCO Arena II                  ,sacramento kings
1996,ARCO Arena II                  ,sacramento kings
1997,ARCO Arena II                  ,sacramento kings
1998,ARCO Arena II                  ,sacramento kings
1999,ARCO Arena II                  ,sacramento kings
2000,ARCO Arena II                  ,sacramento kings
2001,ARCO Arena II                  ,sacramento kings
2002,ARCO Arena II                  ,sacramento kings
2003,ARCO Arena II                  ,sacramento kings
2004,ARCO Arena II                  ,sacramento kings
2005,ARCO Arena II                  ,sacramento kings
2006,ARCO Arena II                  ,sacramento kings
2007,ARCO Arena II                  ,sacramento kings
2008,ARCO Arena II                  ,sacramento kings
2009,ARCO Arena II                  ,sacramento kings
2010,ARCO Arena II                  ,sacramento kings
2011,ARCO Arena II                  ,sacramento kings
2012,ARCO Arena II                  ,sacramento kings
2013,Sleep Train Arena              ,sacramento kings
2014,Sleep Train Arena              ,sacramento kings
2015,Sleep Train Arena              ,sacramento kings
2016,Sleep Train Arena              ,sacramento kings
2017,Sleep Train Arena              ,sacramento kings
2018,Sleep Train Arena              ,sacramento kings
1967,Memorial Auditorium                ,san antoni spurs
1968,Memorial Auditorium                ,san antoni spurs
1969,Memorial Auditorium                ,san antoni spurs
1970,Moody Coliseum                ,san antoni spurs
1971,Moody Coliseum                     ,san antoni spurs
1972,Moody Coliseum                     ,san antoni spurs
1973,HemisFair Arena            ,san antoni spurs
1974,HemisFair Arena            ,san antoni spurs
1975,HemisFair Arena            ,san antoni spurs
1976,HemisFair Arena            ,san antoni spurs
1977,HemisFair Arena            ,san antoni spurs
1978,HemisFair Arena            ,san antoni spurs
1979,HemisFair Arena            ,san antoni spurs
1980,HemisFair Arena            ,san antoni spurs
1981,HemisFair Arena            ,san antoni spurs
1982,HemisFair Arena            ,san antoni spurs
1983,HemisFair Arena            ,san antoni spurs
1984,HemisFair Arena            ,san antoni spurs
1985,HemisFair Arena            ,san antoni spurs
1986,HemisFair Arena            ,san antoni spurs
1987,HemisFair Arena            ,san antoni spurs
1988,HemisFair Arena            ,san antoni spurs
1989,HemisFair Arena            ,san antoni spurs
1990,HemisFair Arena            ,san antoni spurs
1991,HemisFair Arena            ,san antoni spurs
1992,HemisFair Arena            ,san antoni spurs
1993,Alamodome                ,san antoni spurs
1994,Alamodome                ,san antoni spurs
1995,Alamodome                ,san antoni spurs
1996,Alamodome                ,san antoni spurs
1997,Alamodome                ,san antoni spurs
1998,Alamodome                ,san antoni spurs
1999,Alamodome                ,san antoni spurs
2000,Alamodome                ,san antoni spurs
2001,Alamodome                ,san antoni spurs
2002,SBC Center              ,san antoni spurs
2003,SBC Center              ,san antoni spurs
2004,SBC Center              ,san antoni spurs
2005,SBC Center              ,san antoni spurs
2006,SBC Center              ,san antoni spurs
2007,SBC Center              ,san antoni spurs
2008,SBC Center              ,san antoni spurs
2009,SBC Center              ,san antoni spurs
2010,AT&T Center               ,san antoni spurs
2011,AT&T Center               ,san antoni spurs
2012,AT&T Center               ,san antoni spurs
2013,AT&T Center               ,san antoni spurs
2014,AT&T Center               ,san antoni spurs
2015,AT&T Center               ,san antoni spurs
2016,AT&T Center               ,san antoni spurs
2017,AT&T Center               ,san antoni spurs
2018,AT&T Center               ,san antoni spurs
1967,Seattle Center Coliseum          ,oklahoma city thunder
1968,Seattle Center Coliseum          ,oklahoma city thunder
1969,Seattle Center Coliseum          ,oklahoma city thunder
1970,Seattle Center Coliseum          ,oklahoma city thunder
1971,Seattle Center Coliseum          ,oklahoma city thunder
1972,Seattle Center Coliseum          ,oklahoma city thunder
1973,Seattle Center Coliseum          ,oklahoma city thunder
1974,Seattle Center Coliseum          ,oklahoma city thunder
1975,Seattle Center Coliseum          ,oklahoma city thunder
1976,Seattle Center Coliseum          ,oklahoma city thunder
1977,Seattle Center Coliseum          ,oklahoma city thunder
1978,Kingdome                         ,oklahoma city thunder
1979,Kingdome                         ,oklahoma city thunder
1980,Kingdome                         ,oklahoma city thunder
1981,Kingdome                         ,oklahoma city thunder
1982,Kingdome                         ,oklahoma city thunder
1983,Kingdome                         ,oklahoma city thunder
1984,Kingdome                         ,oklahoma city thunder
1985,Seattle Center Coliseum          ,oklahoma city thunder
1986,Seattle Center Coliseum          ,oklahoma city thunder
1987,Seattle Center Coliseum          ,oklahoma city thunder
1988,Seattle Center Coliseum          ,oklahoma city thunder
1989,Seattle Center Coliseum          ,oklahoma city thunder
1990,Seattle Center Coliseum          ,oklahoma city thunder
1991,Seattle Center Coliseum          ,oklahoma city thunder
1992,Seattle Center Coliseum          ,oklahoma city thunder
1993,Seattle Center Coliseum          ,oklahoma city thunder
1994,Tacoma Dome                       ,oklahoma city thunder
1995,Key Arena                        ,oklahoma city thunder
1996,Key Arena                        ,oklahoma city thunder
1997,Key Arena                        ,oklahoma city thunder
1998,Key Arena                        ,oklahoma city thunder
1999,Key Arena                        ,oklahoma city thunder
2000,Key Arena                        ,oklahoma city thunder
2001,Key Arena                        ,oklahoma city thunder
2002,Key Arena                        ,oklahoma city thunder
2003,Key Arena                        ,oklahoma city thunder
2004,Key Arena                        ,oklahoma city thunder
2005,Key Arena                        ,oklahoma city thunder
2006,Key Arena                        ,oklahoma city thunder
2007,Key Arena                        ,oklahoma city thunder
2008,Chesapeake Energy Arena         ,oklahoma city thunder
2009,Chesapeake Energy Arena         ,oklahoma city thunder
2010,Chesapeake Energy Arena         ,oklahoma city thunder
2011,Chesapeake Energy Arena         ,oklahoma city thunder
2012,Chesapeake Energy Arena         ,oklahoma city thunder
2013,Chesapeake Energy Arena         ,oklahoma city thunder
2014,Chesapeake Energy Arena         ,oklahoma city thunder
2015,Chesapeake Energy Arena         ,oklahoma city thunder
2016,Chesapeake Energy Arena         ,oklahoma city thunder
2017,Chesapeake Energy Arena         ,oklahoma city thunder
2018,Chesapeake Energy Arena         ,oklahoma city thunder
1995,SkyDome                           ,toronto raptors
1996,SkyDome                           ,toronto raptors
1997,SkyDome                           ,toronto raptors
1998,SkyDome                           ,toronto raptors
1999,Air Canada Centre                ,toronto raptors
2000,Air Canada Centre                ,toronto raptors
2001,Air Canada Centre                ,toronto raptors
2002,Air Canada Centre                ,toronto raptors
2003,Air Canada Centre                ,toronto raptors
2004,Air Canada Centre                ,toronto raptors
2005,Air Canada Centre                ,toronto raptors
2006,Air Canada Centre                ,toronto raptors
2007,Air Canada Centre                ,toronto raptors
2008,Air Canada Centre                ,toronto raptors
2009,Air Canada Centre                ,toronto raptors
2010,Air Canada Centre                ,toronto raptors
2011,Air Canada Centre                ,toronto raptors
2012,Air Canada Centre                ,toronto raptors
2013,Air Canada Centre                ,toronto raptors
2014,Air Canada Centre                ,toronto raptors
2015,Air Canada Centre                ,toronto raptors
2016,Air Canada Centre                ,toronto raptors
2017,Air Canada Centre                ,toronto raptors
2018,Air Canada Centre                ,toronto raptors
1974,Municipal Auditorium       ,utah jazz
1975,Superdome                      ,utah jazz
1976,Superdome                      ,utah jazz
1977,Superdome                      ,utah jazz
1978,Superdome                      ,utah jazz
1979,Salt Palace                ,utah jazz
1980,Salt Palace                ,utah jazz
1981,Salt Palace                ,utah jazz
1982,Salt Palace                ,utah jazz
1983,Salt Palace                ,utah jazz
1984,Salt Palace                ,utah jazz
1985,Salt Palace                ,utah jazz
1986,Salt Palace                ,utah jazz
1987,Salt Palace                ,utah jazz
1988,Salt Palace                ,utah jazz
1989,Salt Palace                ,utah jazz
1990,Salt Palace                ,utah jazz
1991,Delta Center                 ,utah jazz
1992,Delta Center                 ,utah jazz
1993,Delta Center                 ,utah jazz
1994,Delta Center                 ,utah jazz
1995,Delta Center                 ,utah jazz
1996,Delta Center                 ,utah jazz
1997,Delta Center                 ,utah jazz
1998,Delta Center                 ,utah jazz
1999,Delta Center                 ,utah jazz
2000,Delta Center                 ,utah jazz
2001,Delta Center                 ,utah jazz
2002,Delta Center                 ,utah jazz
2003,Delta Center                 ,utah jazz
2004,Delta Center                 ,utah jazz
2005,Delta Center                 ,utah jazz
2006,Energy Solutions Arena      ,utah jazz
2007,Energy Solutions Arena      ,utah jazz
2008,Energy Solutions Arena      ,utah jazz
2009,Energy Solutions Arena      ,utah jazz
2010,Energy Solutions Arena      ,utah jazz
2011,Energy Solutions Arena      ,utah jazz
2012,Energy Solutions Arena      ,utah jazz
2013,Energy Solutions Arena      ,utah jazz
2014,Energy Solutions Arena      ,utah jazz
2015,Vivint Smart Home Arena     ,utah jazz
2016,Vivint Smart Home Arena     ,utah jazz
2017,Vivint Smart Home Arena     ,utah jazz
2018,Vivint Smart Home Arena     ,utah jazz
1961,Chicago Amphitheater             ,washington wizards
1962,Chicago Coliseum                  ,washington wizards
1963,Baltimore Civic Center         ,washington wizards
1964,Baltimore Civic Center         ,washington wizards
1965,Baltimore Civic Center         ,washington wizards
1966,Baltimore Civic Center         ,washington wizards
1967,Baltimore Civic Center         ,washington wizards
1968,Baltimore Civic Center         ,washington wizards
1969,Baltimore Civic Center         ,washington wizards
1970,Baltimore Civic Center         ,washington wizards
1971,Baltimore Civic Center         ,washington wizards
1972,Baltimore Civic Center         ,washington wizards
1973,USAir Arena                     ,washington wizards
1974,USAir Arena                     ,washington wizards
1975,USAir Arena                     ,washington wizards
1976,USAir Arena                     ,washington wizards
1977,USAir Arena                     ,washington wizards
1978,USAir Arena                     ,washington wizards
1979,USAir Arena                     ,washington wizards
1980,USAir Arena                     ,washington wizards
1981,USAir Arena                     ,washington wizards
1982,USAir Arena                     ,washington wizards
1983,USAir Arena                     ,washington wizards
1984,USAir Arena                     ,washington wizards
1985,USAir Arena                     ,washington wizards
1986,USAir Arena                     ,washington wizards
1987,USAir Arena                     ,washington wizards
1988,USAir Arena                     ,washington wizards
1989,USAir Arena                     ,washington wizards
1990,USAir Arena                     ,washington wizards
1991,USAir Arena                     ,washington wizards
1992,USAir Arena                     ,washington wizards
1993,USAir Arena                     ,washington wizards
1994,USAir Arena                     ,washington wizards
1995,USAir Arena                     ,washington wizards
1996,USAir Arena                     ,washington wizards
1997,MCI Center                    ,washington wizards
1998,MCI Center                    ,washington wizards
1999,MCI Center                    ,washington wizards
2000,MCI Center                    ,washington wizards
2001,MCI Center                    ,washington wizards
2002,MCI Center                    ,washington wizards
2003,MCI Center                    ,washington wizards
2004,MCI Center                    ,washington wizards
2005,Verizon Center               ,washington wizards
2006,Verizon Center               ,washington wizards
2007,Verizon Center               ,washington wizards
2008,Verizon Center               ,washington wizards
2009,Verizon Center               ,washington wizards
2010,Verizon Center               ,washington wizards
2011,Verizon Center               ,washington wizards
2012,Verizon Center               ,washington wizards
2013,Verizon Center               ,washington wizards
2014,Verizon Center               ,washington wizards
2015,Verizon Center               ,washington wizards
2016,Verizon Center               ,washington wizards
2017,Verizon Center               ,washington wizards
2018,Verizon Center               ,washington wizards
