,year,venue,team,abv
0,1949,Wheaton Field House                ,Atlanta Hawks ,ATL
1,1950,Wheaton Field House                ,Atlanta Hawks ,ATL
2,1951,Milwaukee Arena                ,Atlanta Hawks ,ATL
3,1952,Milwaukee Arena                ,Atlanta Hawks ,ATL
4,1953,Milwaukee Arena                ,Atlanta Hawks ,ATL
5,1954,Milwaukee Arena                ,Atlanta Hawks ,ATL
6,1955,Kiel Auditorium             ,Atlanta Hawks ,ATL
7,1956,Kiel Auditorium             ,Atlanta Hawks ,ATL
8,1957,Kiel Auditorium             ,Atlanta Hawks ,ATL
9,1958,Kiel Auditorium             ,Atlanta Hawks ,ATL
10,1959,Kiel Auditorium             ,Atlanta Hawks ,ATL
11,1960,Kiel Auditorium             ,Atlanta Hawks ,ATL
12,1961,Kiel Auditorium             ,Atlanta Hawks ,ATL
13,1962,Kiel Auditorium             ,Atlanta Hawks ,ATL
14,1963,Kiel Auditorium             ,Atlanta Hawks ,ATL
15,1964,Kiel Auditorium             ,Atlanta Hawks ,ATL
16,1965,Kiel Auditorium             ,Atlanta Hawks ,ATL
17,1966,Kiel Auditorium             ,Atlanta Hawks ,ATL
18,1967,Kiel Auditorium             ,Atlanta Hawks ,ATL
19,1968,Alexander Memorial Coliseum       ,Atlanta Hawks ,ATL
20,1969,Alexander Memorial Coliseum       ,Atlanta Hawks ,ATL
21,1970,Alexander Memorial Coliseum       ,Atlanta Hawks ,ATL
22,1971,Alexander Memorial Coliseum       ,Atlanta Hawks ,ATL
23,1972,Omni Coliseum                     ,Atlanta Hawks ,ATL
24,1973,Omni Coliseum                     ,Atlanta Hawks ,ATL
25,1974,Omni Coliseum                     ,Atlanta Hawks ,ATL
26,1975,Omni Coliseum                     ,Atlanta Hawks ,ATL
27,1976,Omni Coliseum                     ,Atlanta Hawks ,ATL
28,1977,Omni Coliseum                     ,Atlanta Hawks ,ATL
29,1978,Omni Coliseum                     ,Atlanta Hawks ,ATL
30,1979,Omni Coliseum                     ,Atlanta Hawks ,ATL
31,1980,Omni Coliseum                     ,Atlanta Hawks ,ATL
32,1981,Omni Coliseum                     ,Atlanta Hawks ,ATL
33,1982,Omni Coliseum                     ,Atlanta Hawks ,ATL
34,1983,Omni Coliseum                     ,Atlanta Hawks ,ATL
35,1984,Omni Coliseum                     ,Atlanta Hawks ,ATL
36,1985,Omni Coliseum                     ,Atlanta Hawks ,ATL
37,1986,Omni Coliseum                     ,Atlanta Hawks ,ATL
38,1987,Omni Coliseum                     ,Atlanta Hawks ,ATL
39,1988,Omni Coliseum                     ,Atlanta Hawks ,ATL
40,1989,Omni Coliseum                     ,Atlanta Hawks ,ATL
41,1990,Omni Coliseum                     ,Atlanta Hawks ,ATL
42,1991,Omni Coliseum                     ,Atlanta Hawks ,ATL
43,1992,Omni Coliseum                     ,Atlanta Hawks ,ATL
44,1993,Omni Coliseum                     ,Atlanta Hawks ,ATL
45,1994,Omni Coliseum                     ,Atlanta Hawks ,ATL
46,1995,Omni Coliseum                     ,Atlanta Hawks ,ATL
47,1996,Omni Coliseum                     ,Atlanta Hawks ,ATL
48,1997,Georgia Dome                     ,Atlanta Hawks ,ATL
49,1998,Georgia Dome                     ,Atlanta Hawks ,ATL
50,1999,Philips Arena                    ,Atlanta Hawks ,ATL
51,2000,Philips Arena                    ,Atlanta Hawks ,ATL
52,2001,Philips Arena                    ,Atlanta Hawks ,ATL
53,2002,Philips Arena                    ,Atlanta Hawks ,ATL
54,2003,Philips Arena                    ,Atlanta Hawks ,ATL
55,2004,Philips Arena                    ,Atlanta Hawks ,ATL
56,2005,Philips Arena                    ,Atlanta Hawks ,ATL
57,2006,Philips Arena                    ,Atlanta Hawks ,ATL
58,2007,Philips Arena                    ,Atlanta Hawks ,ATL
59,2008,Philips Arena                    ,Atlanta Hawks ,ATL
60,2009,Philips Arena                    ,Atlanta Hawks ,ATL
61,2010,Philips Arena                    ,Atlanta Hawks ,ATL
62,2011,Philips Arena                    ,Atlanta Hawks ,ATL
63,2012,Philips Arena                    ,Atlanta Hawks ,ATL
64,2013,Philips Arena                    ,Atlanta Hawks ,ATL
65,2014,Philips Arena                    ,Atlanta Hawks ,ATL
66,2015,Philips Arena                    ,Atlanta Hawks ,ATL
67,2016,Philips Arena                    ,Atlanta Hawks ,ATL
68,2017,Philips Arena                    ,Atlanta Hawks ,ATL
69,2018,Philips Arena                    ,Atlanta Hawks ,ATL
70,1946,Boston Garden                     ,Boston Celtics,BOS
71,1947,Boston Garden                     ,Boston Celtics,BOS
72,1948,Boston Garden                     ,Boston Celtics,BOS
73,1949,Boston Garden                     ,Boston Celtics,BOS
74,1950,Boston Garden                     ,Boston Celtics,BOS
75,1951,Boston Garden                     ,Boston Celtics,BOS
76,1952,Boston Garden                     ,Boston Celtics,BOS
77,1953,Boston Garden                     ,Boston Celtics,BOS
78,1954,Boston Garden                     ,Boston Celtics,BOS
79,1955,Boston Garden                     ,Boston Celtics,BOS
80,1956,Boston Garden                     ,Boston Celtics,BOS
81,1957,Boston Garden                     ,Boston Celtics,BOS
82,1958,Boston Garden                     ,Boston Celtics,BOS
83,1959,Boston Garden                     ,Boston Celtics,BOS
84,1960,Boston Garden                     ,Boston Celtics,BOS
85,1961,Boston Garden                     ,Boston Celtics,BOS
86,1962,Boston Garden                     ,Boston Celtics,BOS
87,1963,Boston Garden                     ,Boston Celtics,BOS
88,1964,Boston Garden                     ,Boston Celtics,BOS
89,1965,Boston Garden                     ,Boston Celtics,BOS
90,1966,Boston Garden                     ,Boston Celtics,BOS
91,1967,Boston Garden                     ,Boston Celtics,BOS
92,1968,Boston Garden                     ,Boston Celtics,BOS
93,1969,Boston Garden                     ,Boston Celtics,BOS
94,1970,Boston Garden                     ,Boston Celtics,BOS
95,1971,Boston Garden                     ,Boston Celtics,BOS
96,1972,Boston Garden                     ,Boston Celtics,BOS
97,1973,Boston Garden                     ,Boston Celtics,BOS
98,1974,Boston Garden                     ,Boston Celtics,BOS
99,1975,Boston Garden                     ,Boston Celtics,BOS
100,1976,Boston Garden                     ,Boston Celtics,BOS
101,1977,Boston Garden                     ,Boston Celtics,BOS
102,1978,Boston Garden                     ,Boston Celtics,BOS
103,1979,Boston Garden                     ,Boston Celtics,BOS
104,1980,Boston Garden                     ,Boston Celtics,BOS
105,1981,Boston Garden                     ,Boston Celtics,BOS
106,1982,Boston Garden                     ,Boston Celtics,BOS
107,1983,Boston Garden                     ,Boston Celtics,BOS
108,1984,Boston Garden                     ,Boston Celtics,BOS
109,1985,Boston Garden                     ,Boston Celtics,BOS
110,1986,Boston Garden                     ,Boston Celtics,BOS
111,1987,Boston Garden                     ,Boston Celtics,BOS
112,1988,Boston Garden                     ,Boston Celtics,BOS
113,1989,Boston Garden                     ,Boston Celtics,BOS
114,1990,Boston Garden                     ,Boston Celtics,BOS
115,1991,Boston Garden                     ,Boston Celtics,BOS
116,1992,Boston Garden                     ,Boston Celtics,BOS
117,1993,Boston Garden                     ,Boston Celtics,BOS
118,1994,Boston Garden                     ,Boston Celtics,BOS
119,1995,Fleet Center                      ,Boston Celtics,BOS
120,1996,Fleet Center                      ,Boston Celtics,BOS
121,1997,Fleet Center                      ,Boston Celtics,BOS
122,1998,Fleet Center                      ,Boston Celtics,BOS
123,1999,Fleet Center                      ,Boston Celtics,BOS
124,2000,Fleet Center                      ,Boston Celtics,BOS
125,2001,Fleet Center                      ,Boston Celtics,BOS
126,2002,Fleet Center                      ,Boston Celtics,BOS
127,2003,Fleet Center                      ,Boston Celtics,BOS
128,2004,Fleet Center                      ,Boston Celtics,BOS
129,2005,TD Garden                         ,Boston Celtics,BOS
130,2006,TD Garden                         ,Boston Celtics,BOS
131,2007,TD Garden                         ,Boston Celtics,BOS
132,2008,TD Garden                         ,Boston Celtics,BOS
133,2009,TD Garden                         ,Boston Celtics,BOS
134,2010,TD Garden                         ,Boston Celtics,BOS
135,2011,TD Garden                         ,Boston Celtics,BOS
136,2012,TD Garden                         ,Boston Celtics,BOS
137,2013,TD Garden                         ,Boston Celtics,BOS
138,2014,TD Garden                         ,Boston Celtics,BOS
139,2015,TD Garden                         ,Boston Celtics,BOS
140,2016,TD Garden                         ,Boston Celtics,BOS
141,2017,TD Garden                         ,Boston Celtics,BOS
142,2018,TD Garden                         ,Boston Celtics,BOS
143,2004,Time Warner Cable Arena          ,Charolette Hornets,CHA
144,2005,Time Warner Cable Arena          ,Charolette Hornets,CHA
145,2006,Time Warner Cable Arena          ,Charolette Hornets,CHA
146,2007,Time Warner Cable Arena          ,Charolette Hornets,CHA
147,2008,Time Warner Cable Arena          ,Charolette Hornets,CHA
148,2009,Time Warner Cable Arena          ,Charolette Hornets,CHA
149,2010,Time Warner Cable Arena          ,Charolette Hornets,CHA
150,2011,Time Warner Cable Arena          ,Charolette Hornets,CHA
151,2012,Time Warner Cable Arena          ,Charolette Hornets,CHA
152,2013,Time Warner Cable Arena          ,Charolette Hornets,CHA
153,2014,Time Warner Cable Arena          ,Charolette Hornets,CHA
154,2015,Time Warner Cable Arena          ,Charolette Hornets,CHA
155,2016,Time Warner Cable Arena          ,Charolette Hornets,CHA
156,2017,Time Warner Cable Arena          ,Charolette Hornets,CHA
157,2018,Time Warner Cable Arena          ,Charolette Hornets,CHA
158,1966,Chicago Amphitheater             ,Chicago Bulls,CHI
159,1967,Chicago Stadium                  ,Chicago Bulls,CHI
160,1968,Chicago Stadium                  ,Chicago Bulls,CHI
161,1969,Chicago Stadium                  ,Chicago Bulls,CHI
162,1970,Chicago Stadium                  ,Chicago Bulls,CHI
163,1971,Chicago Stadium                  ,Chicago Bulls,CHI
164,1972,Chicago Stadium                  ,Chicago Bulls,CHI
165,1973,Chicago Stadium                  ,Chicago Bulls,CHI
166,1974,Chicago Stadium                  ,Chicago Bulls,CHI
167,1975,Chicago Stadium                  ,Chicago Bulls,CHI
168,1976,Chicago Stadium                  ,Chicago Bulls,CHI
169,1977,Chicago Stadium                  ,Chicago Bulls,CHI
170,1978,Chicago Stadium                  ,Chicago Bulls,CHI
171,1979,Chicago Stadium                  ,Chicago Bulls,CHI
172,1980,Chicago Stadium                  ,Chicago Bulls,CHI
173,1981,Chicago Stadium                  ,Chicago Bulls,CHI
174,1982,Chicago Stadium                  ,Chicago Bulls,CHI
175,1983,Chicago Stadium                  ,Chicago Bulls,CHI
176,1984,Chicago Stadium                  ,Chicago Bulls,CHI
177,1985,Chicago Stadium                  ,Chicago Bulls,CHI
178,1986,Chicago Stadium                  ,Chicago Bulls,CHI
179,1987,Chicago Stadium                  ,Chicago Bulls,CHI
180,1988,Chicago Stadium                  ,Chicago Bulls,CHI
181,1989,Chicago Stadium                  ,Chicago Bulls,CHI
182,1990,Chicago Stadium                  ,Chicago Bulls,CHI
183,1991,Chicago Stadium                  ,Chicago Bulls,CHI
184,1992,Chicago Stadium                  ,Chicago Bulls,CHI
185,1993,Chicago Stadium                  ,Chicago Bulls,CHI
186,1994,United Center                    ,Chicago Bulls,CHI
187,1995,United Center                    ,Chicago Bulls,CHI
188,1996,United Center                    ,Chicago Bulls,CHI
189,1997,United Center                    ,Chicago Bulls,CHI
190,1998,United Center                    ,Chicago Bulls,CHI
191,1999,United Center                    ,Chicago Bulls,CHI
192,2000,United Center                    ,Chicago Bulls,CHI
193,2001,United Center                    ,Chicago Bulls,CHI
194,2002,United Center                    ,Chicago Bulls,CHI
195,2003,United Center                    ,Chicago Bulls,CHI
196,2004,United Center                    ,Chicago Bulls,CHI
197,2005,United Center                    ,Chicago Bulls,CHI
198,2006,United Center                    ,Chicago Bulls,CHI
199,2007,United Center                    ,Chicago Bulls,CHI
200,2008,United Center                    ,Chicago Bulls,CHI
201,2009,United Center                    ,Chicago Bulls,CHI
202,2010,United Center                    ,Chicago Bulls,CHI
203,2011,United Center                    ,Chicago Bulls,CHI
204,2012,United Center                    ,Chicago Bulls,CHI
205,2013,United Center                    ,Chicago Bulls,CHI
206,2014,United Center                    ,Chicago Bulls,CHI
207,2015,United Center                    ,Chicago Bulls,CHI
208,2016,United Center                    ,Chicago Bulls,CHI
209,2017,United Center                    ,Chicago Bulls,CHI
210,2018,United Center                    ,Chicago Bulls,CHI
211,1970,Cleveland Arena                ,Cleveland Cavaliers,CLE
212,1971,Cleveland Arena                ,Cleveland Cavaliers,CLE
213,1972,Cleveland Arena                ,Cleveland Cavaliers,CLE
214,1973,Cleveland Arena                ,Cleveland Cavaliers,CLE
215,1974,The Coliseum                    ,Cleveland Cavaliers,CLE
216,1975,The Coliseum                    ,Cleveland Cavaliers,CLE
217,1976,The Coliseum                    ,Cleveland Cavaliers,CLE
218,1977,The Coliseum                    ,Cleveland Cavaliers,CLE
219,1978,The Coliseum                    ,Cleveland Cavaliers,CLE
220,1979,The Coliseum                    ,Cleveland Cavaliers,CLE
221,1980,The Coliseum                    ,Cleveland Cavaliers,CLE
222,1981,The Coliseum                    ,Cleveland Cavaliers,CLE
223,1982,The Coliseum                    ,Cleveland Cavaliers,CLE
224,1983,The Coliseum                    ,Cleveland Cavaliers,CLE
225,1984,The Coliseum                    ,Cleveland Cavaliers,CLE
226,1985,The Coliseum                    ,Cleveland Cavaliers,CLE
227,1986,The Coliseum                    ,Cleveland Cavaliers,CLE
228,1987,The Coliseum                    ,Cleveland Cavaliers,CLE
229,1988,The Coliseum                    ,Cleveland Cavaliers,CLE
230,1989,The Coliseum                    ,Cleveland Cavaliers,CLE
231,1990,The Coliseum                    ,Cleveland Cavaliers,CLE
232,1991,The Coliseum                    ,Cleveland Cavaliers,CLE
233,1992,The Coliseum                    ,Cleveland Cavaliers,CLE
234,1993,The Coliseum                    ,Cleveland Cavaliers,CLE
235,1994,Gund Arena                     ,Cleveland Cavaliers,CLE
236,1995,Gund Arena                     ,Cleveland Cavaliers,CLE
237,1996,Gund Arena                     ,Cleveland Cavaliers,CLE
238,1997,Gund Arena                     ,Cleveland Cavaliers,CLE
239,1998,Gund Arena                     ,Cleveland Cavaliers,CLE
240,1999,Gund Arena                     ,Cleveland Cavaliers,CLE
241,2000,Gund Arena                     ,Cleveland Cavaliers,CLE
242,2001,Gund Arena                     ,Cleveland Cavaliers,CLE
243,2002,Gund Arena                     ,Cleveland Cavaliers,CLE
244,2003,Gund Arena                     ,Cleveland Cavaliers,CLE
245,2004,Gund Arena                     ,Cleveland Cavaliers,CLE
246,2005,Quicken Loans Arean            ,Cleveland Cavaliers,CLE
247,2006,Quicken Loans Arean            ,Cleveland Cavaliers,CLE
248,2007,Quicken Loans Arean            ,Cleveland Cavaliers,CLE
249,2008,Quicken Loans Arean            ,Cleveland Cavaliers,CLE
250,2009,Quicken Loans Arean            ,Cleveland Cavaliers,CLE
251,2010,Quicken Loans Arean            ,Cleveland Cavaliers,CLE
252,2011,Quicken Loans Arean            ,Cleveland Cavaliers,CLE
253,2012,Quicken Loans Arean            ,Cleveland Cavaliers,CLE
254,2013,Quicken Loans Arean            ,Cleveland Cavaliers,CLE
255,2014,Quicken Loans Arean            ,Cleveland Cavaliers,CLE
256,2015,Quicken Loans Arean            ,Cleveland Cavaliers,CLE
257,2016,Quicken Loans Arean            ,Cleveland Cavaliers,CLE
258,2017,Quicken Loans Arean            ,Cleveland Cavaliers,CLE
259,2018,Quicken Loans Arean            ,Cleveland Cavaliers,CLE
260,1980,Reunion Arena                     ,Dallas Mavericks,DAL
261,1981,Reunion Arena                     ,Dallas Mavericks,DAL
262,1982,Reunion Arena                     ,Dallas Mavericks,DAL
263,1983,Reunion Arena                     ,Dallas Mavericks,DAL
264,1984,Reunion Arena                     ,Dallas Mavericks,DAL
265,1985,Reunion Arena                     ,Dallas Mavericks,DAL
266,1986,Reunion Arena                     ,Dallas Mavericks,DAL
267,1987,Reunion Arena                     ,Dallas Mavericks,DAL
268,1988,Reunion Arena                     ,Dallas Mavericks,DAL
269,1989,Reunion Arena                     ,Dallas Mavericks,DAL
270,1990,Reunion Arena                     ,Dallas Mavericks,DAL
271,1991,Reunion Arena                     ,Dallas Mavericks,DAL
272,1992,Reunion Arena                     ,Dallas Mavericks,DAL
273,1993,Reunion Arena                     ,Dallas Mavericks,DAL
274,1994,Reunion Arena                     ,Dallas Mavericks,DAL
275,1995,Reunion Arena                     ,Dallas Mavericks,DAL
276,1996,Reunion Arena                     ,Dallas Mavericks,DAL
277,1997,Reunion Arena                     ,Dallas Mavericks,DAL
278,1998,Reunion Arena                     ,Dallas Mavericks,DAL
279,1999,Reunion Arena                     ,Dallas Mavericks,DAL
280,2000,Reunion Arena                     ,Dallas Mavericks,DAL
281,2001,American Airlines Arena           ,Dallas Mavericks,DAL
282,2002,American Airlines Arena           ,Dallas Mavericks,DAL
283,2003,American Airlines Arena           ,Dallas Mavericks,DAL
284,2004,American Airlines Arena           ,Dallas Mavericks,DAL
285,2005,American Airlines Arena           ,Dallas Mavericks,DAL
286,2006,American Airlines Arena           ,Dallas Mavericks,DAL
287,2007,American Airlines Arena           ,Dallas Mavericks,DAL
288,2008,American Airlines Arena           ,Dallas Mavericks,DAL
289,2009,American Airlines Arena           ,Dallas Mavericks,DAL
290,2010,American Airlines Arena           ,Dallas Mavericks,DAL
291,2011,American Airlines Arena           ,Dallas Mavericks,DAL
292,2012,American Airlines Arena           ,Dallas Mavericks,DAL
293,2013,American Airlines Arena           ,Dallas Mavericks,DAL
294,2014,American Airlines Arena           ,Dallas Mavericks,DAL
295,2015,American Airlines Arena           ,Dallas Mavericks,DAL
296,2016,American Airlines Arena           ,Dallas Mavericks,DAL
297,2017,American Airlines Arena           ,Dallas Mavericks,DAL
298,2018,American Airlines Arena           ,Dallas Mavericks,DAL
299,1967,Auditorium Arena                   ,Denver Nuggets,DEN
300,1968,Auditorium Arena                   ,Denver Nuggets,DEN
301,1969,Auditorium Arena                   ,Denver Nuggets,DEN
302,1970,Auditorium Arena                   ,Denver Nuggets,DEN
303,1971,Auditorium Arena                   ,Denver Nuggets,DEN
304,1972,Auditorium Arena                   ,Denver Nuggets,DEN
305,1973,Auditorium Arena                   ,Denver Nuggets,DEN
306,1974,Auditorium Arena                   ,Denver Nuggets,DEN
307,1975,McNichols Sports Arena            ,Denver Nuggets,DEN
308,1976,McNichols Sports Arena            ,Denver Nuggets,DEN
309,1977,McNichols Sports Arena            ,Denver Nuggets,DEN
310,1978,McNichols Sports Arena            ,Denver Nuggets,DEN
311,1979,McNichols Sports Arena            ,Denver Nuggets,DEN
312,1980,McNichols Sports Arena            ,Denver Nuggets,DEN
313,1981,McNichols Sports Arena            ,Denver Nuggets,DEN
314,1982,McNichols Sports Arena            ,Denver Nuggets,DEN
315,1983,McNichols Sports Arena            ,Denver Nuggets,DEN
316,1984,McNichols Sports Arena            ,Denver Nuggets,DEN
317,1985,McNichols Sports Arena            ,Denver Nuggets,DEN
318,1986,McNichols Sports Arena            ,Denver Nuggets,DEN
319,1987,McNichols Sports Arena            ,Denver Nuggets,DEN
320,1988,McNichols Sports Arena            ,Denver Nuggets,DEN
321,1989,McNichols Sports Arena            ,Denver Nuggets,DEN
322,1990,McNichols Sports Arena            ,Denver Nuggets,DEN
323,1991,McNichols Sports Arena            ,Denver Nuggets,DEN
324,1992,McNichols Sports Arena            ,Denver Nuggets,DEN
325,1993,McNichols Sports Arena            ,Denver Nuggets,DEN
326,1994,McNichols Sports Arena            ,Denver Nuggets,DEN
327,1995,McNichols Sports Arena            ,Denver Nuggets,DEN
328,1996,McNichols Sports Arena            ,Denver Nuggets,DEN
329,1997,McNichols Sports Arena            ,Denver Nuggets,DEN
330,1998,McNichols Sports Arena            ,Denver Nuggets,DEN
331,1999,Pepsi Center                      ,Denver Nuggets,DEN
332,2000,Pepsi Center                      ,Denver Nuggets,DEN
333,2001,Pepsi Center                      ,Denver Nuggets,DEN
334,2002,Pepsi Center                      ,Denver Nuggets,DEN
335,2003,Pepsi Center                      ,Denver Nuggets,DEN
336,2004,Pepsi Center                      ,Denver Nuggets,DEN
337,2005,Pepsi Center                      ,Denver Nuggets,DEN
338,2006,Pepsi Center                      ,Denver Nuggets,DEN
339,2007,Pepsi Center                      ,Denver Nuggets,DEN
340,2008,Pepsi Center                      ,Denver Nuggets,DEN
341,2009,Pepsi Center                      ,Denver Nuggets,DEN
342,2010,Pepsi Center                      ,Denver Nuggets,DEN
343,2011,Pepsi Center                      ,Denver Nuggets,DEN
344,2012,Pepsi Center                      ,Denver Nuggets,DEN
345,2013,Pepsi Center                      ,Denver Nuggets,DEN
346,2014,Pepsi Center                      ,Denver Nuggets,DEN
347,2015,Pepsi Center                      ,Denver Nuggets,DEN
348,2016,Pepsi Center                      ,Denver Nuggets,DEN
349,2017,Pepsi Center                      ,Denver Nuggets,DEN
350,2018,Pepsi Center                      ,Denver Nuggets,DEN
351,1948,North Side High School Gym   Fort   ,Detroit Pistons,DET
352,1949,North Side High School Gym   Fort   ,Detroit Pistons,DET
353,1950,North Side High School Gym   Fort   ,Detroit Pistons,DET
354,1951,North Side High School Gym   Fort   ,Detroit Pistons,DET
355,1952,Memorial Coliseum            Fort   ,Detroit Pistons,DET
356,1953,Memorial Coliseum            Fort   ,Detroit Pistons,DET
357,1954,Memorial Coliseum            Fort   ,Detroit Pistons,DET
358,1955,Memorial Coliseum            Fort   ,Detroit Pistons,DET
359,1956,Memorial Coliseum            Fort   ,Detroit Pistons,DET
360,1957,Olympia Stadium                  ,Detroit Pistons,DET
361,1958,Olympia Stadium                  ,Detroit Pistons,DET
362,1959,Olympia Stadium                  ,Detroit Pistons,DET
363,1960,Olympia Stadium                  ,Detroit Pistons,DET
364,1961,Cobo Arena                       ,Detroit Pistons,DET
365,1962,Cobo Arena                       ,Detroit Pistons,DET
366,1963,Cobo Arena                       ,Detroit Pistons,DET
367,1964,Cobo Arena                       ,Detroit Pistons,DET
368,1965,Cobo Arena                       ,Detroit Pistons,DET
369,1966,Cobo Arena                       ,Detroit Pistons,DET
370,1967,Cobo Arena                       ,Detroit Pistons,DET
371,1968,Cobo Arena                       ,Detroit Pistons,DET
372,1969,Cobo Arena                       ,Detroit Pistons,DET
373,1970,Cobo Arena                       ,Detroit Pistons,DET
374,1971,Cobo Arena                       ,Detroit Pistons,DET
375,1972,Cobo Arena                       ,Detroit Pistons,DET
376,1973,Cobo Arena                       ,Detroit Pistons,DET
377,1974,Cobo Arena                       ,Detroit Pistons,DET
378,1975,Cobo Arena                       ,Detroit Pistons,DET
379,1976,Cobo Arena                       ,Detroit Pistons,DET
380,1977,Cobo Arena                       ,Detroit Pistons,DET
381,1978,Silverdome                       ,Detroit Pistons,DET
382,1979,Silverdome                       ,Detroit Pistons,DET
383,1980,Silverdome                       ,Detroit Pistons,DET
384,1981,Silverdome                       ,Detroit Pistons,DET
385,1982,Silverdome                       ,Detroit Pistons,DET
386,1983,Silverdome                       ,Detroit Pistons,DET
387,1984,Silverdome                       ,Detroit Pistons,DET
388,1985,Silverdome                       ,Detroit Pistons,DET
389,1986,Silverdome                       ,Detroit Pistons,DET
390,1987,Silverdome                       ,Detroit Pistons,DET
391,1988,Palace of Auburn       ,Detroit Pistons,DET
392,1989,Palace of Auburn       ,Detroit Pistons,DET
393,1990,Palace of Auburn       ,Detroit Pistons,DET
394,1991,Palace of Auburn       ,Detroit Pistons,DET
395,1992,Palace of Auburn       ,Detroit Pistons,DET
396,1993,Palace of Auburn       ,Detroit Pistons,DET
397,1994,Palace of Auburn       ,Detroit Pistons,DET
398,1995,Palace of Auburn       ,Detroit Pistons,DET
399,1996,Palace of Auburn       ,Detroit Pistons,DET
400,1997,Palace of Auburn       ,Detroit Pistons,DET
401,1998,Palace of Auburn       ,Detroit Pistons,DET
402,1999,Palace of Auburn       ,Detroit Pistons,DET
403,2000,Palace of Auburn       ,Detroit Pistons,DET
404,2001,Palace of Auburn       ,Detroit Pistons,DET
405,2002,Palace of Auburn       ,Detroit Pistons,DET
406,2003,Palace of Auburn       ,Detroit Pistons,DET
407,2004,Palace of Auburn       ,Detroit Pistons,DET
408,2005,Palace of Auburn       ,Detroit Pistons,DET
409,2006,Palace of Auburn       ,Detroit Pistons,DET
410,2007,Palace of Auburn       ,Detroit Pistons,DET
411,2008,Palace of Auburn       ,Detroit Pistons,DET
412,2009,Palace of Auburn       ,Detroit Pistons,DET
413,2010,Palace of Auburn       ,Detroit Pistons,DET
414,2011,Palace of Auburn       ,Detroit Pistons,DET
415,2012,Palace of Auburn       ,Detroit Pistons,DET
416,2013,Palace of Auburn       ,Detroit Pistons,DET
417,2014,Palace of Auburn       ,Detroit Pistons,DET
418,2015,Palace of Auburn       ,Detroit Pistons,DET
419,2016,Palace of Auburn       ,Detroit Pistons,DET
420,2017,Palace of Auburn       ,Detroit Pistons,DET
421,2018,Palace of Auburn       ,Detroit Pistons,DET
422,1946,Philadelphia Arena              ,Golden State Warriors ,GSW
423,1947,Philadelphia Arena              ,Golden State Warriors ,GSW
424,1948,Philadelphia Arena              ,Golden State Warriors ,GSW
425,1949,Philadelphia Arena              ,Golden State Warriors ,GSW
426,1950,Philadelphia Arena              ,Golden State Warriors ,GSW
427,1951,Philadelphia Arena              ,Golden State Warriors ,GSW
428,1952,Convention Hall                 ,Golden State Warriors ,GSW
429,1953,Convention Hall                 ,Golden State Warriors ,GSW
430,1954,Convention Hall                 ,Golden State Warriors ,GSW
431,1955,Convention Hall                 ,Golden State Warriors ,GSW
432,1956,Convention Hall                 ,Golden State Warriors ,GSW
433,1957,Convention Hall                 ,Golden State Warriors ,GSW
434,1958,Convention Hall                 ,Golden State Warriors ,GSW
435,1959,Convention Hall                 ,Golden State Warriors ,GSW
436,1960,Convention Hall                 ,Golden State Warriors ,GSW
437,1961,Convention Hall                 ,Golden State Warriors ,GSW
438,1962,Cow Palace                  ,Golden State Warriors ,GSW
439,1963,Cow Palace                  ,Golden State Warriors ,GSW
440,1964,Civic Auditorium          ,Golden State Warriors ,GSW
441,1965,Civic Auditorium          ,Golden State Warriors ,GSW
442,1966,Cow Palace       ,Golden State Warriors ,GSW
443,1967,Cow Palace              ,Golden State Warriors ,GSW
444,1968,Cow Palace              ,Golden State Warriors ,GSW
445,1969,Cow Palace              ,Golden State Warriors ,GSW
446,1970,Cow Palace              ,Golden State Warriors ,GSW
447,1971,Oakland Coliseum        ,Golden State Warriors ,GSW
448,1972,Oakland Coliseum        ,Golden State Warriors ,GSW
449,1973,Oakland Coliseum        ,Golden State Warriors ,GSW
450,1974,Oakland Coliseum        ,Golden State Warriors ,GSW
451,1975,Oakland Coliseum        ,Golden State Warriors ,GSW
452,1976,Oakland Coliseum        ,Golden State Warriors ,GSW
453,1977,Oakland Coliseum        ,Golden State Warriors ,GSW
454,1978,Oakland Coliseum        ,Golden State Warriors ,GSW
455,1979,Oakland Coliseum        ,Golden State Warriors ,GSW
456,1980,Oakland Coliseum        ,Golden State Warriors ,GSW
457,1981,Oakland Coliseum        ,Golden State Warriors ,GSW
458,1982,Oakland Coliseum        ,Golden State Warriors ,GSW
459,1983,Oakland Coliseum        ,Golden State Warriors ,GSW
460,1984,Oakland Coliseum        ,Golden State Warriors ,GSW
461,1985,Oakland Coliseum        ,Golden State Warriors ,GSW
462,1986,Oakland Coliseum        ,Golden State Warriors ,GSW
463,1987,Oakland Coliseum        ,Golden State Warriors ,GSW
464,1988,Oakland Coliseum        ,Golden State Warriors ,GSW
465,1989,Oakland Coliseum        ,Golden State Warriors ,GSW
466,1990,Oakland Coliseum        ,Golden State Warriors ,GSW
467,1991,Oakland Coliseum        ,Golden State Warriors ,GSW
468,1992,Oakland Coliseum        ,Golden State Warriors ,GSW
469,1993,Oakland Coliseum        ,Golden State Warriors ,GSW
470,1994,Oakland Coliseum        ,Golden State Warriors ,GSW
471,1995,Oakland Coliseum        ,Golden State Warriors ,GSW
472,1996,San Jose Arena      ,Golden State Warriors ,GSW
473,1997,The Arena in Oakland                ,Golden State Warriors ,GSW
474,1998,The Arena in Oakland                ,Golden State Warriors ,GSW
475,1999,The Arena in Oakland                ,Golden State Warriors ,GSW
476,2000,The Arena in Oakland                ,Golden State Warriors ,GSW
477,2001,The Arena in Oakland                ,Golden State Warriors ,GSW
478,2002,The Arena in Oakland                ,Golden State Warriors ,GSW
479,2003,The Arena in Oakland                ,Golden State Warriors ,GSW
480,2004,The Arena in Oakland                ,Golden State Warriors ,GSW
481,2005,The Arena in Oakland                ,Golden State Warriors ,GSW
482,2006,Oracle Arena                        ,Golden State Warriors ,GSW
483,2007,Oracle Arena                        ,Golden State Warriors ,GSW
484,2008,Oracle Arena                        ,Golden State Warriors ,GSW
485,2009,Oracle Arena                        ,Golden State Warriors ,GSW
486,2010,Oracle Arena                        ,Golden State Warriors ,GSW
487,2011,Oracle Arena                        ,Golden State Warriors ,GSW
488,2012,Oracle Arena                        ,Golden State Warriors ,GSW
489,2013,Oracle Arena                        ,Golden State Warriors ,GSW
490,2014,Oracle Arena                        ,Golden State Warriors ,GSW
491,2015,Oracle Arena                        ,Golden State Warriors ,GSW
492,2016,Oracle Arena                        ,Golden State Warriors ,GSW
493,2017,Oracle Arena                        ,Golden State Warriors ,GSW
494,2018,Oracle Arena                        ,Golden State Warriors ,GSW
495,1967,San Diego Sports Arena,Houston Rockets,HOU
496,1968,San Diego Sports Arena,Houston Rockets,HOU
497,1969,San Diego Sports Arena,Houston Rockets,HOU
498,1970,San Diego Sports Arena,Houston Rockets,HOU
499,1971,Hofheinz Pavilion                ,Houston Rockets,HOU
500,1972,Hofheinz Pavilion                ,Houston Rockets,HOU
501,1973,Hofheinz Pavilion                ,Houston Rockets,HOU
502,1974,Hofheinz Pavilion                ,Houston Rockets,HOU
503,1975,Compaq Center                    ,Houston Rockets,HOU
504,1976,Compaq Center                    ,Houston Rockets,HOU
505,1977,Compaq Center                    ,Houston Rockets,HOU
506,1978,Compaq Center                    ,Houston Rockets,HOU
507,1979,Compaq Center                    ,Houston Rockets,HOU
508,1980,Compaq Center                    ,Houston Rockets,HOU
509,1981,Compaq Center                    ,Houston Rockets,HOU
510,1982,Compaq Center                    ,Houston Rockets,HOU
511,1983,Compaq Center                    ,Houston Rockets,HOU
512,1984,Compaq Center                    ,Houston Rockets,HOU
513,1985,Compaq Center                    ,Houston Rockets,HOU
514,1986,Compaq Center                    ,Houston Rockets,HOU
515,1987,Compaq Center                    ,Houston Rockets,HOU
516,1988,Compaq Center                    ,Houston Rockets,HOU
517,1989,Compaq Center                    ,Houston Rockets,HOU
518,1990,Compaq Center                    ,Houston Rockets,HOU
519,1991,Compaq Center                    ,Houston Rockets,HOU
520,1992,Compaq Center                    ,Houston Rockets,HOU
521,1993,Compaq Center                    ,Houston Rockets,HOU
522,1994,Compaq Center                    ,Houston Rockets,HOU
523,1995,Compaq Center                    ,Houston Rockets,HOU
524,1996,Compaq Center                    ,Houston Rockets,HOU
525,1997,Compaq Center                    ,Houston Rockets,HOU
526,1998,Compaq Center                    ,Houston Rockets,HOU
527,1999,Compaq Center                    ,Houston Rockets,HOU
528,2000,Compaq Center                    ,Houston Rockets,HOU
529,2001,Compaq Center                    ,Houston Rockets,HOU
530,2002,Compaq Center                    ,Houston Rockets,HOU
531,2003,Toyota Center,Houston Rockets,HOU
532,2004,Toyota Center,Houston Rockets,HOU
533,2005,Toyota Center,Houston Rockets,HOU
534,2006,Toyota Center,Houston Rockets,HOU
535,2007,Toyota Center,Houston Rockets,HOU
536,2008,Toyota Center,Houston Rockets,HOU
537,2009,Toyota Center,Houston Rockets,HOU
538,2010,Toyota Center,Houston Rockets,HOU
539,2011,Toyota Center,Houston Rockets,HOU
540,2012,Toyota Center,Houston Rockets,HOU
541,2013,Toyota Center,Houston Rockets,HOU
542,2014,Toyota Center,Houston Rockets,HOU
543,2015,Toyota Center,Houston Rockets,HOU
544,2016,Toyota Center,Houston Rockets,HOU
545,2017,Toyota Center,Houston Rockets,HOU
546,2018,Toyota Center,Houston Rockets,HOU
547,1967,State Fairgrounds              ,Indiana Pacers,IND
548,1968,State Fairgrounds              ,Indiana Pacers,IND
549,1969,State Fairgrounds              ,Indiana Pacers,IND
550,1970,State Fairgrounds              ,Indiana Pacers,IND
551,1971,State Fairgrounds              ,Indiana Pacers,IND
552,1972,State Fairgrounds              ,Indiana Pacers,IND
553,1973,State Fairgrounds              ,Indiana Pacers,IND
554,1974,Market Square Arena           ,Indiana Pacers,IND
555,1975,Market Square Arena           ,Indiana Pacers,IND
556,1976,Market Square Arena           ,Indiana Pacers,IND
557,1977,Market Square Arena           ,Indiana Pacers,IND
558,1978,Market Square Arena           ,Indiana Pacers,IND
559,1979,Market Square Arena           ,Indiana Pacers,IND
560,1980,Market Square Arena           ,Indiana Pacers,IND
561,1981,Market Square Arena           ,Indiana Pacers,IND
562,1982,Market Square Arena           ,Indiana Pacers,IND
563,1983,Market Square Arena           ,Indiana Pacers,IND
564,1984,Market Square Arena           ,Indiana Pacers,IND
565,1985,Market Square Arena           ,Indiana Pacers,IND
566,1986,Market Square Arena           ,Indiana Pacers,IND
567,1987,Market Square Arena           ,Indiana Pacers,IND
568,1988,Market Square Arena           ,Indiana Pacers,IND
569,1989,Market Square Arena           ,Indiana Pacers,IND
570,1990,Market Square Arena           ,Indiana Pacers,IND
571,1991,Market Square Arena           ,Indiana Pacers,IND
572,1992,Market Square Arena           ,Indiana Pacers,IND
573,1993,Market Square Arena           ,Indiana Pacers,IND
574,1994,Market Square Arena           ,Indiana Pacers,IND
575,1995,Market Square Arena           ,Indiana Pacers,IND
576,1996,Market Square Arena           ,Indiana Pacers,IND
577,1997,Market Square Arena           ,Indiana Pacers,IND
578,1998,Market Square Arena           ,Indiana Pacers,IND
579,1999,Conseco Fieldhouse            ,Indiana Pacers,IND
580,2000,Conseco Fieldhouse            ,Indiana Pacers,IND
581,2001,Conseco Fieldhouse            ,Indiana Pacers,IND
582,2002,Conseco Fieldhouse            ,Indiana Pacers,IND
583,2003,Conseco Fieldhouse            ,Indiana Pacers,IND
584,2004,Conseco Fieldhouse            ,Indiana Pacers,IND
585,2005,Conseco Fieldhouse            ,Indiana Pacers,IND
586,2006,Conseco Fieldhouse            ,Indiana Pacers,IND
587,2007,Conseco Fieldhouse            ,Indiana Pacers,IND
588,2008,Conseco Fieldhouse            ,Indiana Pacers,IND
589,2009,Conseco Fieldhouse            ,Indiana Pacers,IND
590,2010,Bankers Life Fieldhouse       ,Indiana Pacers,IND
591,2011,Bankers Life Fieldhouse       ,Indiana Pacers,IND
592,2012,Bankers Life Fieldhouse       ,Indiana Pacers,IND
593,2013,Bankers Life Fieldhouse       ,Indiana Pacers,IND
594,2014,Bankers Life Fieldhouse       ,Indiana Pacers,IND
595,2015,Bankers Life Fieldhouse       ,Indiana Pacers,IND
596,2016,Bankers Life Fieldhouse       ,Indiana Pacers,IND
597,2017,Bankers Life Fieldhouse       ,Indiana Pacers,IND
598,2018,Bankers Life Fieldhouse       ,Indiana Pacers,IND
599,1970,Memorial Auditorium              ,Los Angeles Clippers ,LAC
600,1971,Memorial Auditorium              ,Los Angeles Clippers ,LAC
601,1972,Memorial Auditorium              ,Los Angeles Clippers ,LAC
602,1973,Memorial Auditorium              ,Los Angeles Clippers ,LAC
603,1974,Memorial Auditorium              ,Los Angeles Clippers ,LAC
604,1975,Memorial Auditorium              ,Los Angeles Clippers ,LAC
605,1976,Memorial Auditorium              ,Los Angeles Clippers ,LAC
606,1977,Memorial Auditorium              ,Los Angeles Clippers ,LAC
607,1978,San Diego Sports Arena  ,Los Angeles Clippers ,LAC
608,1979,San Diego Sports Arena  ,Los Angeles Clippers ,LAC
609,1980,San Diego Sports Arena  ,Los Angeles Clippers ,LAC
610,1981,San Diego Sports Arena  ,Los Angeles Clippers ,LAC
611,1982,San Diego Sports Arena  ,Los Angeles Clippers ,LAC
612,1983,San Diego Sports Arena  ,Los Angeles Clippers ,LAC
613,1985,Los Angeles Sports Arena  ,Los Angeles Clippers ,LAC
614,1986,Los Angeles Sports Arena  ,Los Angeles Clippers ,LAC
615,1987,Los Angeles Sports Arena  ,Los Angeles Clippers ,LAC
616,1988,Los Angeles Sports Arena  ,Los Angeles Clippers ,LAC
617,1989,Los Angeles Sports Arena  ,Los Angeles Clippers ,LAC
618,1990,Los Angeles Sports Arena  ,Los Angeles Clippers ,LAC
619,1991,Los Angeles Sports Arena  ,Los Angeles Clippers ,LAC
620,1992,Los Angeles Sports Arena  ,Los Angeles Clippers ,LAC
621,1993,Los Angeles Sports Arena  ,Los Angeles Clippers ,LAC
622,1994,Los Angeles Sports Arena ,Los Angeles Clippers ,LAC
623,1995,Los Angeles Sports Arena ,Los Angeles Clippers ,LAC
624,1996,Los Angeles Sports Arena ,Los Angeles Clippers ,LAC
625,1997,Los Angeles Sports Arena ,Los Angeles Clippers ,LAC
626,1998,Los Angeles Sports Arena ,Los Angeles Clippers ,LAC
627,1999,Staples Center   ,Los Angeles Clippers ,LAC
628,2000,Staples Center   ,Los Angeles Clippers ,LAC
629,2001,Staples Center   ,Los Angeles Clippers ,LAC
630,2002,Staples Center   ,Los Angeles Clippers ,LAC
631,2003,Staples Center   ,Los Angeles Clippers ,LAC
632,2004,Staples Center   ,Los Angeles Clippers ,LAC
633,2005,Staples Center   ,Los Angeles Clippers ,LAC
634,2006,Staples Center   ,Los Angeles Clippers ,LAC
635,2007,Staples Center   ,Los Angeles Clippers ,LAC
636,2008,Staples Center   ,Los Angeles Clippers ,LAC
637,2009,Staples Center   ,Los Angeles Clippers ,LAC
638,2010,Staples Center   ,Los Angeles Clippers ,LAC
639,2011,Staples Center   ,Los Angeles Clippers ,LAC
640,2012,Staples Center   ,Los Angeles Clippers ,LAC
641,2013,Staples Center   ,Los Angeles Clippers ,LAC
642,2014,Staples Center   ,Los Angeles Clippers ,LAC
643,2015,Staples Center   ,Los Angeles Clippers ,LAC
644,2016,Staples Center   ,Los Angeles Clippers ,LAC
645,2017,Staples Center   ,Los Angeles Clippers ,LAC
646,2018,Staples Center   ,Los Angeles Clippers ,LAC
647,1948,Minneapolis Auditorium        ,Los Angeles Lakers ,LAL
648,1949,Minneapolis Auditorium        ,Los Angeles Lakers ,LAL
649,1950,Minneapolis Auditorium        ,Los Angeles Lakers ,LAL
650,1951,Minneapolis Auditorium        ,Los Angeles Lakers ,LAL
651,1952,Minneapolis Auditorium        ,Los Angeles Lakers ,LAL
652,1953,Minneapolis Auditorium        ,Los Angeles Lakers ,LAL
653,1954,Minneapolis Auditorium        ,Los Angeles Lakers ,LAL
654,1955,Minneapolis Auditorium        ,Los Angeles Lakers ,LAL
655,1956,Minneapolis Auditorium        ,Los Angeles Lakers ,LAL
656,1957,Minneapolis Auditorium        ,Los Angeles Lakers ,LAL
657,1958,Minneapolis Auditorium        ,Los Angeles Lakers ,LAL
658,1959,Minneapolis Auditorium        ,Los Angeles Lakers ,LAL
659,1960,Los Angeles Sports Arena  ,Los Angeles Lakers ,LAL
660,1961,Los Angeles Sports Arena  ,Los Angeles Lakers ,LAL
661,1962,Los Angeles Sports Arena  ,Los Angeles Lakers ,LAL
662,1963,Los Angeles Sports Arena  ,Los Angeles Lakers ,LAL
663,1964,Los Angeles Sports Arena  ,Los Angeles Lakers ,LAL
664,1965,Los Angeles Sports Arena  ,Los Angeles Lakers ,LAL
665,1966,Los Angeles Sports Arena  ,Los Angeles Lakers ,LAL
666,1967,Great Western Forum             ,Los Angeles Lakers ,LAL
667,1968,Great Western Forum             ,Los Angeles Lakers ,LAL
668,1969,Great Western Forum             ,Los Angeles Lakers ,LAL
669,1970,Great Western Forum             ,Los Angeles Lakers ,LAL
670,1971,Great Western Forum             ,Los Angeles Lakers ,LAL
671,1972,Great Western Forum             ,Los Angeles Lakers ,LAL
672,1973,Great Western Forum             ,Los Angeles Lakers ,LAL
673,1974,Great Western Forum             ,Los Angeles Lakers ,LAL
674,1975,Great Western Forum             ,Los Angeles Lakers ,LAL
675,1976,Great Western Forum             ,Los Angeles Lakers ,LAL
676,1977,Great Western Forum             ,Los Angeles Lakers ,LAL
677,1978,Great Western Forum             ,Los Angeles Lakers ,LAL
678,1979,Great Western Forum             ,Los Angeles Lakers ,LAL
679,1980,Great Western Forum             ,Los Angeles Lakers ,LAL
680,1981,Great Western Forum             ,Los Angeles Lakers ,LAL
681,1982,Great Western Forum             ,Los Angeles Lakers ,LAL
682,1983,Great Western Forum             ,Los Angeles Lakers ,LAL
683,1984,Great Western Forum             ,Los Angeles Lakers ,LAL
684,1985,Great Western Forum             ,Los Angeles Lakers ,LAL
685,1986,Great Western Forum             ,Los Angeles Lakers ,LAL
686,1987,Great Western Forum             ,Los Angeles Lakers ,LAL
687,1988,Great Western Forum             ,Los Angeles Lakers ,LAL
688,1989,Great Western Forum             ,Los Angeles Lakers ,LAL
689,1990,Great Western Forum             ,Los Angeles Lakers ,LAL
690,1991,Great Western Forum             ,Los Angeles Lakers ,LAL
691,1992,Great Western Forum             ,Los Angeles Lakers ,LAL
692,1993,Great Western Forum             ,Los Angeles Lakers ,LAL
693,1994,Great Western Forum             ,Los Angeles Lakers ,LAL
694,1995,Great Western Forum             ,Los Angeles Lakers ,LAL
695,1996,Great Western Forum             ,Los Angeles Lakers ,LAL
696,1997,Great Western Forum             ,Los Angeles Lakers ,LAL
697,1998,Great Western Forum             ,Los Angeles Lakers ,LAL
698,1999,Staples Center              ,Los Angeles Lakers ,LAL
699,2000,Staples Center              ,Los Angeles Lakers ,LAL
700,2001,Staples Center              ,Los Angeles Lakers ,LAL
701,2002,Staples Center              ,Los Angeles Lakers ,LAL
702,2003,Staples Center              ,Los Angeles Lakers ,LAL
703,2004,Staples Center              ,Los Angeles Lakers ,LAL
704,2005,Staples Center              ,Los Angeles Lakers ,LAL
705,2006,Staples Center              ,Los Angeles Lakers ,LAL
706,2007,Staples Center              ,Los Angeles Lakers ,LAL
707,2008,Staples Center              ,Los Angeles Lakers ,LAL
708,2009,Staples Center              ,Los Angeles Lakers ,LAL
709,2010,Staples Center              ,Los Angeles Lakers ,LAL
710,2011,Staples Center              ,Los Angeles Lakers ,LAL
711,2012,Staples Center              ,Los Angeles Lakers ,LAL
712,2013,Staples Center              ,Los Angeles Lakers ,LAL
713,2014,Staples Center              ,Los Angeles Lakers ,LAL
714,2015,Staples Center              ,Los Angeles Lakers ,LAL
715,2016,Staples Center              ,Los Angeles Lakers ,LAL
716,2017,Staples Center              ,Los Angeles Lakers ,LAL
717,2018,Staples Center              ,Los Angeles Lakers ,LAL
718,1995,General Motors Place           ,Memphis Grizzlies,MEM
719,1996,General Motors Place           ,Memphis Grizzlies,MEM
720,1997,General Motors Place           ,Memphis Grizzlies,MEM
721,1998,General Motors Place           ,Memphis Grizzlies,MEM
722,1999,General Motors Place           ,Memphis Grizzlies,MEM
723,2000,General Motors Place           ,Memphis Grizzlies,MEM
724,2001,The Pryamid                     ,Memphis Grizzlies,MEM
725,2002,The Pryamid                     ,Memphis Grizzlies,MEM
726,2003,The Pryamid                     ,Memphis Grizzlies,MEM
727,2004,FedEx Forum                      ,Memphis Grizzlies,MEM
728,2005,FedEx Forum                      ,Memphis Grizzlies,MEM
729,2006,FedEx Forum                      ,Memphis Grizzlies,MEM
730,2007,FedEx Forum                      ,Memphis Grizzlies,MEM
731,2008,FedEx Forum                      ,Memphis Grizzlies,MEM
732,2009,FedEx Forum                      ,Memphis Grizzlies,MEM
733,2010,FedEx Forum                      ,Memphis Grizzlies,MEM
734,2011,FedEx Forum                      ,Memphis Grizzlies,MEM
735,2012,FedEx Forum                      ,Memphis Grizzlies,MEM
736,2013,FedEx Forum                      ,Memphis Grizzlies,MEM
737,2014,FedEx Forum                      ,Memphis Grizzlies,MEM
738,2015,FedEx Forum                      ,Memphis Grizzlies,MEM
739,2016,FedEx Forum                      ,Memphis Grizzlies,MEM
740,2017,FedEx Forum                      ,Memphis Grizzlies,MEM
741,2018,FedEx Forum                      ,Memphis Grizzlies,MEM
742,1988,Miami Arena                        ,Miami Heat,MIA
743,1989,Miami Arena                        ,Miami Heat,MIA
744,1990,Miami Arena                        ,Miami Heat,MIA
745,1991,Miami Arena                        ,Miami Heat,MIA
746,1992,Miami Arena                        ,Miami Heat,MIA
747,1993,Miami Arena                        ,Miami Heat,MIA
748,1994,Miami Arena                        ,Miami Heat,MIA
749,1995,Miami Arena                        ,Miami Heat,MIA
750,1996,Miami Arena                        ,Miami Heat,MIA
751,1997,Miami Arena                        ,Miami Heat,MIA
752,1998,Miami Arena                        ,Miami Heat,MIA
753,1999,American Airlines Arena            ,Miami Heat,MIA
754,2000,American Airlines Arena            ,Miami Heat,MIA
755,2001,American Airlines Arena            ,Miami Heat,MIA
756,2002,American Airlines Arena            ,Miami Heat,MIA
757,2003,American Airlines Arena            ,Miami Heat,MIA
758,2004,American Airlines Arena            ,Miami Heat,MIA
759,2005,American Airlines Arena            ,Miami Heat,MIA
760,2006,American Airlines Arena            ,Miami Heat,MIA
761,2007,American Airlines Arena            ,Miami Heat,MIA
762,2008,American Airlines Arena            ,Miami Heat,MIA
763,2009,American Airlines Arena            ,Miami Heat,MIA
764,2010,American Airlines Arena            ,Miami Heat,MIA
765,2011,American Airlines Arena            ,Miami Heat,MIA
766,2012,American Airlines Arena            ,Miami Heat,MIA
767,2013,American Airlines Arena            ,Miami Heat,MIA
768,2014,American Airlines Arena            ,Miami Heat,MIA
769,2015,American Airlines Arena            ,Miami Heat,MIA
770,2016,American Airlines Arena            ,Miami Heat,MIA
771,2017,American Airlines Arena            ,Miami Heat,MIA
772,2018,American Airlines Arena            ,Miami Heat,MIA
773,1989,Hubert H. Humphrey Metrodome   ,Minnesota Timberwolves,MIN
774,1990,Target Center                 ,Minnesota Timberwolves,MIN
775,1991,Target Center                 ,Minnesota Timberwolves,MIN
776,1992,Target Center                 ,Minnesota Timberwolves,MIN
777,1993,Target Center                 ,Minnesota Timberwolves,MIN
778,1994,Target Center                 ,Minnesota Timberwolves,MIN
779,1995,Target Center                 ,Minnesota Timberwolves,MIN
780,1996,Target Center                 ,Minnesota Timberwolves,MIN
781,1997,Target Center                 ,Minnesota Timberwolves,MIN
782,1998,Target Center                 ,Minnesota Timberwolves,MIN
783,1999,Target Center                 ,Minnesota Timberwolves,MIN
784,2000,Target Center                 ,Minnesota Timberwolves,MIN
785,2001,Target Center                 ,Minnesota Timberwolves,MIN
786,2002,Target Center                 ,Minnesota Timberwolves,MIN
787,2003,Target Center                 ,Minnesota Timberwolves,MIN
788,2004,Target Center                 ,Minnesota Timberwolves,MIN
789,2005,Target Center                 ,Minnesota Timberwolves,MIN
790,2006,Target Center                 ,Minnesota Timberwolves,MIN
791,2007,Target Center                 ,Minnesota Timberwolves,MIN
792,2008,Target Center                 ,Minnesota Timberwolves,MIN
793,2009,Target Center                 ,Minnesota Timberwolves,MIN
794,2010,Target Center                 ,Minnesota Timberwolves,MIN
795,2011,Target Center                 ,Minnesota Timberwolves,MIN
796,2012,Target Center                 ,Minnesota Timberwolves,MIN
797,2013,Target Center                 ,Minnesota Timberwolves,MIN
798,2014,Target Center                 ,Minnesota Timberwolves,MIN
799,2015,Target Center                 ,Minnesota Timberwolves,MIN
800,2016,Target Center                 ,Minnesota Timberwolves,MIN
801,2017,Target Center                 ,Minnesota Timberwolves,MIN
802,2018,Target Center                 ,Minnesota Timberwolves,MIN
803,1968,Milwaukee Arena                ,Milwaukee Bucks,MIL
804,1969,Milwaukee Arena                ,Milwaukee Bucks,MIL
805,1970,Milwaukee Arena                ,Milwaukee Bucks,MIL
806,1971,Milwaukee Arena                ,Milwaukee Bucks,MIL
807,1972,Milwaukee Arena                ,Milwaukee Bucks,MIL
808,1973,Milwaukee Arena                ,Milwaukee Bucks,MIL
809,1974,Milwaukee Arena                ,Milwaukee Bucks,MIL
810,1975,Milwaukee Arena                ,Milwaukee Bucks,MIL
811,1976,Milwaukee Arena                ,Milwaukee Bucks,MIL
812,1977,Milwaukee Arena                ,Milwaukee Bucks,MIL
813,1978,Milwaukee Arena                ,Milwaukee Bucks,MIL
814,1979,Milwaukee Arena                ,Milwaukee Bucks,MIL
815,1980,Milwaukee Arena                ,Milwaukee Bucks,MIL
816,1981,Milwaukee Arena                ,Milwaukee Bucks,MIL
817,1982,Milwaukee Arena                ,Milwaukee Bucks,MIL
818,1983,Milwaukee Arena                ,Milwaukee Bucks,MIL
819,1984,Milwaukee Arena                ,Milwaukee Bucks,MIL
820,1985,Milwaukee Arena                ,Milwaukee Bucks,MIL
821,1986,Milwaukee Arena                ,Milwaukee Bucks,MIL
822,1987,Milwaukee Arena                ,Milwaukee Bucks,MIL
823,1988,Bradley Center                 ,Milwaukee Bucks,MIL
824,1989,Bradley Center                 ,Milwaukee Bucks,MIL
825,1990,Bradley Center                 ,Milwaukee Bucks,MIL
826,1991,Bradley Center                 ,Milwaukee Bucks,MIL
827,1992,Bradley Center                 ,Milwaukee Bucks,MIL
828,1993,Bradley Center                 ,Milwaukee Bucks,MIL
829,1994,Bradley Center                 ,Milwaukee Bucks,MIL
830,1995,Bradley Center                 ,Milwaukee Bucks,MIL
831,1996,Bradley Center                 ,Milwaukee Bucks,MIL
832,1997,Bradley Center                 ,Milwaukee Bucks,MIL
833,1998,Bradley Center                 ,Milwaukee Bucks,MIL
834,1999,Bradley Center                 ,Milwaukee Bucks,MIL
835,2000,Bradley Center                 ,Milwaukee Bucks,MIL
836,2001,Bradley Center                 ,Milwaukee Bucks,MIL
837,2002,Bradley Center                 ,Milwaukee Bucks,MIL
838,2003,Bradley Center                 ,Milwaukee Bucks,MIL
839,2004,Bradley Center                 ,Milwaukee Bucks,MIL
840,2005,Bradley Center                 ,Milwaukee Bucks,MIL
841,2006,Bradley Center                 ,Milwaukee Bucks,MIL
842,2007,Bradley Center                 ,Milwaukee Bucks,MIL
843,2008,Bradley Center                 ,Milwaukee Bucks,MIL
844,2009,Bradley Center                 ,Milwaukee Bucks,MIL
845,2010,Bradley Center                 ,Milwaukee Bucks,MIL
846,2011,Bradley Center                 ,Milwaukee Bucks,MIL
847,2012,Bradley Center                 ,Milwaukee Bucks,MIL
848,2013,Bradley Center                 ,Milwaukee Bucks,MIL
849,2014,Bradley Center                 ,Milwaukee Bucks,MIL
850,2015,Bradley Center                 ,Milwaukee Bucks,MIL
851,2016,Bradley Center                 ,Milwaukee Bucks,MIL
852,2017,Bradley Center                 ,Milwaukee Bucks,MIL
853,2018,Bradley Center                 ,Milwaukee Bucks,MIL
854,1967,Teaneck Armory                    ,Brooklyn Nets,BKN
855,1968,Long Island Arena                 ,Brooklyn Nets,BKN
856,1969,Island Garden            ,Brooklyn Nets,BKN
857,1970,Island Garden            ,Brooklyn Nets,BKN
858,1971,Nassau Coliseum                ,Brooklyn Nets,BKN
859,1972,Nassau Coliseum                ,Brooklyn Nets,BKN
860,1973,Nassau Coliseum                ,Brooklyn Nets,BKN
861,1974,Nassau Coliseum                ,Brooklyn Nets,BKN
862,1975,Nassau Coliseum                ,Brooklyn Nets,BKN
863,1976,Nassau Coliseum                ,Brooklyn Nets,BKN
864,1977,Rutgers Athletic Center        ,Brooklyn Nets,BKN
865,1978,Rutgers Athletic Center        ,Brooklyn Nets,BKN
866,1979,Rutgers Athletic Center        ,Brooklyn Nets,BKN
867,1980,Rutgers Athletic Center        ,Brooklyn Nets,BKN
868,1981,Continental Airlines Arena    ,Brooklyn Nets,BKN
869,1982,Continental Airlines Arena    ,Brooklyn Nets,BKN
870,1983,Continental Airlines Arena    ,Brooklyn Nets,BKN
871,1984,Continental Airlines Arena    ,Brooklyn Nets,BKN
872,1985,Continental Airlines Arena    ,Brooklyn Nets,BKN
873,1986,Continental Airlines Arena    ,Brooklyn Nets,BKN
874,1987,Continental Airlines Arena    ,Brooklyn Nets,BKN
875,1988,Continental Airlines Arena    ,Brooklyn Nets,BKN
876,1989,Continental Airlines Arena    ,Brooklyn Nets,BKN
877,1990,Continental Airlines Arena    ,Brooklyn Nets,BKN
878,1991,Continental Airlines Arena    ,Brooklyn Nets,BKN
879,1992,Continental Airlines Arena    ,Brooklyn Nets,BKN
880,1993,Continental Airlines Arena    ,Brooklyn Nets,BKN
881,1994,Continental Airlines Arena    ,Brooklyn Nets,BKN
882,1995,Continental Airlines Arena    ,Brooklyn Nets,BKN
883,1996,Continental Airlines Arena    ,Brooklyn Nets,BKN
884,1997,Continental Airlines Arena    ,Brooklyn Nets,BKN
885,1998,Continental Airlines Arena    ,Brooklyn Nets,BKN
886,1999,Continental Airlines Arena    ,Brooklyn Nets,BKN
887,2000,Continental Airlines Arena    ,Brooklyn Nets,BKN
888,2001,Continental Airlines Arena    ,Brooklyn Nets,BKN
889,2002,Continental Airlines Arena    ,Brooklyn Nets,BKN
890,2003,Continental Airlines Arena    ,Brooklyn Nets,BKN
891,2004,Continental Airlines Arena    ,Brooklyn Nets,BKN
892,2005,Continental Airlines Arena    ,Brooklyn Nets,BKN
893,2006,Continental Airlines Arena    ,Brooklyn Nets,BKN
894,2007,Continental Airlines Arena    ,Brooklyn Nets,BKN
895,2008,Continental Airlines Arena    ,Brooklyn Nets,BKN
896,2009,Continental Airlines Arena    ,Brooklyn Nets,BKN
897,2010,Continental Airlines Arena    ,Brooklyn Nets,BKN
898,2011,Continental Airlines Arena    ,Brooklyn Nets,BKN
899,2012,Barclays Center                  ,Brooklyn Nets,BKN
900,2013,Barclays Center                  ,Brooklyn Nets,BKN
901,2014,Barclays Center                  ,Brooklyn Nets,BKN
902,2015,Barclays Center                  ,Brooklyn Nets,BKN
903,2016,Barclays Center                  ,Brooklyn Nets,BKN
904,2017,Barclays Center                  ,Brooklyn Nets,BKN
905,2018,Barclays Center                  ,Brooklyn Nets,BKN
906,1988,Charlotte Coliseum              ,New Orleans Pelicans,NOP
907,1989,Charlotte Coliseum              ,New Orleans Pelicans,NOP
908,1990,Charlotte Coliseum              ,New Orleans Pelicans,NOP
909,1991,Charlotte Coliseum              ,New Orleans Pelicans,NOP
910,1992,Charlotte Coliseum              ,New Orleans Pelicans,NOP
911,1993,Charlotte Coliseum              ,New Orleans Pelicans,NOP
912,1994,Charlotte Coliseum              ,New Orleans Pelicans,NOP
913,1995,Charlotte Coliseum              ,New Orleans Pelicans,NOP
914,1996,Charlotte Coliseum              ,New Orleans Pelicans,NOP
915,1997,Charlotte Coliseum              ,New Orleans Pelicans,NOP
916,1998,Charlotte Coliseum              ,New Orleans Pelicans,NOP
917,1999,Charlotte Coliseum              ,New Orleans Pelicans,NOP
918,2000,Charlotte Coliseum              ,New Orleans Pelicans,NOP
919,2002,New Orleans Arena         ,New Orleans Pelicans,NOP
920,2003,New Orleans Arena         ,New Orleans Pelicans,NOP
921,2004,New Orleans Arena         ,New Orleans Pelicans,NOP
922,2005,New Orleans Arena         ,New Orleans Pelicans,NOP
923,2006,New Orleans Arena         ,New Orleans Pelicans,NOP
924,2007,New Orleans Arena         ,New Orleans Pelicans,NOP
925,2008,New Orleans Arena         ,New Orleans Pelicans,NOP
926,2009,New Orleans Arena         ,New Orleans Pelicans,NOP
927,2010,New Orleans Arena         ,New Orleans Pelicans,NOP
928,2011,New Orleans Arena         ,New Orleans Pelicans,NOP
929,2012,New Orleans Arena         ,New Orleans Pelicans,NOP
930,2013,New Orleans Arena         ,New Orleans Pelicans,NOP
931,2014,Smoothie King Center     ,New Orleans Pelicans,NOP
932,2015,Smoothie King Center     ,New Orleans Pelicans,NOP
933,2016,Smoothie King Center     ,New Orleans Pelicans,NOP
934,2017,Smoothie King Center     ,New Orleans Pelicans,NOP
935,2018,Smoothie King Center     ,New Orleans Pelicans,NOP
936,1946,Madison Square Garden III     ,New York Knicks,NYK
937,1947,Madison Square Garden III     ,New York Knicks,NYK
938,1948,Madison Square Garden III     ,New York Knicks,NYK
939,1949,Madison Square Garden III     ,New York Knicks,NYK
940,1950,Madison Square Garden III     ,New York Knicks,NYK
941,1951,Madison Square Garden III     ,New York Knicks,NYK
942,1952,Madison Square Garden III     ,New York Knicks,NYK
943,1953,Madison Square Garden III     ,New York Knicks,NYK
944,1954,Madison Square Garden III     ,New York Knicks,NYK
945,1955,Madison Square Garden III     ,New York Knicks,NYK
946,1956,Madison Square Garden III     ,New York Knicks,NYK
947,1957,Madison Square Garden III     ,New York Knicks,NYK
948,1958,Madison Square Garden III     ,New York Knicks,NYK
949,1959,Madison Square Garden III     ,New York Knicks,NYK
950,1960,Madison Square Garden III     ,New York Knicks,NYK
951,1961,Madison Square Garden III     ,New York Knicks,NYK
952,1962,Madison Square Garden III     ,New York Knicks,NYK
953,1963,Madison Square Garden III     ,New York Knicks,NYK
954,1964,Madison Square Garden III     ,New York Knicks,NYK
955,1965,Madison Square Garden III     ,New York Knicks,NYK
956,1966,Madison Square Garden III     ,New York Knicks,NYK
957,1967,Madison Square Garden III     ,New York Knicks,NYK
958,1968,Madison Square Garden IV    ,New York Knicks,NYK
959,1969,Madison Square Garden IV    ,New York Knicks,NYK
960,1970,Madison Square Garden IV    ,New York Knicks,NYK
961,1971,Madison Square Garden IV    ,New York Knicks,NYK
962,1972,Madison Square Garden IV    ,New York Knicks,NYK
963,1973,Madison Square Garden IV    ,New York Knicks,NYK
964,1974,Madison Square Garden IV    ,New York Knicks,NYK
965,1975,Madison Square Garden IV    ,New York Knicks,NYK
966,1976,Madison Square Garden IV    ,New York Knicks,NYK
967,1977,Madison Square Garden IV    ,New York Knicks,NYK
968,1978,Madison Square Garden IV    ,New York Knicks,NYK
969,1979,Madison Square Garden IV    ,New York Knicks,NYK
970,1980,Madison Square Garden IV    ,New York Knicks,NYK
971,1981,Madison Square Garden IV    ,New York Knicks,NYK
972,1982,Madison Square Garden IV    ,New York Knicks,NYK
973,1983,Madison Square Garden IV    ,New York Knicks,NYK
974,1984,Madison Square Garden IV    ,New York Knicks,NYK
975,1985,Madison Square Garden IV    ,New York Knicks,NYK
976,1986,Madison Square Garden IV    ,New York Knicks,NYK
977,1987,Madison Square Garden IV    ,New York Knicks,NYK
978,1988,Madison Square Garden IV    ,New York Knicks,NYK
979,1989,Madison Square Garden IV    ,New York Knicks,NYK
980,1990,Madison Square Garden IV    ,New York Knicks,NYK
981,1991,Madison Square Garden IV    ,New York Knicks,NYK
982,1992,Madison Square Garden IV    ,New York Knicks,NYK
983,1993,Madison Square Garden IV    ,New York Knicks,NYK
984,1994,Madison Square Garden IV    ,New York Knicks,NYK
985,1995,Madison Square Garden IV    ,New York Knicks,NYK
986,1996,Madison Square Garden IV    ,New York Knicks,NYK
987,1997,Madison Square Garden IV    ,New York Knicks,NYK
988,1998,Madison Square Garden IV    ,New York Knicks,NYK
989,1999,Madison Square Garden IV    ,New York Knicks,NYK
990,2000,Madison Square Garden IV    ,New York Knicks,NYK
991,2001,Madison Square Garden IV    ,New York Knicks,NYK
992,2002,Madison Square Garden IV    ,New York Knicks,NYK
993,2003,Madison Square Garden IV    ,New York Knicks,NYK
994,2004,Madison Square Garden IV    ,New York Knicks,NYK
995,2005,Madison Square Garden IV    ,New York Knicks,NYK
996,2006,Madison Square Garden IV    ,New York Knicks,NYK
997,2007,Madison Square Garden IV    ,New York Knicks,NYK
998,2008,Madison Square Garden IV    ,New York Knicks,NYK
999,2009,Madison Square Garden IV    ,New York Knicks,NYK
1000,2010,Madison Square Garden IV    ,New York Knicks,NYK
1001,2011,Madison Square Garden IV    ,New York Knicks,NYK
1002,2012,Madison Square Garden IV    ,New York Knicks,NYK
1003,2013,Madison Square Garden IV    ,New York Knicks,NYK
1004,2014,Madison Square Garden IV    ,New York Knicks,NYK
1005,2015,Madison Square Garden IV    ,New York Knicks,NYK
1006,2016,Madison Square Garden IV    ,New York Knicks,NYK
1007,2017,Madison Square Garden IV    ,New York Knicks,NYK
1008,2018,Madison Square Garden IV    ,New York Knicks,NYK
1009,1989,Orlando Arena                     ,Orlando Magic,ORL
1010,1990,Orlando Arena                     ,Orlando Magic,ORL
1011,1991,Orlando Arena                     ,Orlando Magic,ORL
1012,1992,Orlando Arena                     ,Orlando Magic,ORL
1013,1993,Orlando Arena                     ,Orlando Magic,ORL
1014,1994,Orlando Arena                     ,Orlando Magic,ORL
1015,1995,Orlando Arena                     ,Orlando Magic,ORL
1016,1996,Orlando Arena                     ,Orlando Magic,ORL
1017,1997,TD Waterhouse Arena               ,Orlando Magic,ORL
1018,1998,TD Waterhouse Arena               ,Orlando Magic,ORL
1019,1999,TD Waterhouse Arena               ,Orlando Magic,ORL
1020,2000,TD Waterhouse Arena               ,Orlando Magic,ORL
1021,2001,TD Waterhouse Arena               ,Orlando Magic,ORL
1022,2002,TD Waterhouse Arena               ,Orlando Magic,ORL
1023,2003,TD Waterhouse Arena               ,Orlando Magic,ORL
1024,2004,TD Waterhouse Arena               ,Orlando Magic,ORL
1025,2005,TD Waterhouse Arena               ,Orlando Magic,ORL
1026,2006,TD Waterhouse Arena               ,Orlando Magic,ORL
1027,2007,TD Waterhouse Arena               ,Orlando Magic,ORL
1028,2008,TD Waterhouse Arena               ,Orlando Magic,ORL
1029,2009,TD Waterhouse Arena               ,Orlando Magic,ORL
1030,2010,Amway Center                      ,Orlando Magic,ORL
1031,2011,Amway Center                      ,Orlando Magic,ORL
1032,2012,Amway Center                      ,Orlando Magic,ORL
1033,2013,Amway Center                      ,Orlando Magic,ORL
1034,2014,Amway Center                      ,Orlando Magic,ORL
1035,2015,Amway Center                      ,Orlando Magic,ORL
1036,2016,Amway Center                      ,Orlando Magic,ORL
1037,2017,Amway Center                      ,Orlando Magic,ORL
1038,2018,Amway Center                      ,Orlando Magic,ORL
1039,1949,State Fair Coliseum               ,Philadelphia Sixers,PHI
1040,1950,State Fair Coliseum               ,Philadelphia Sixers,PHI
1041,1951,Onondaga County War Memorial      ,Philadelphia Sixers,PHI
1042,1952,Onondaga County War Memorial      ,Philadelphia Sixers,PHI
1043,1953,Onondaga County War Memorial      ,Philadelphia Sixers,PHI
1044,1954,Onondaga County War Memorial      ,Philadelphia Sixers,PHI
1045,1955,Onondaga County War Memorial      ,Philadelphia Sixers,PHI
1046,1956,Onondaga County War Memorial      ,Philadelphia Sixers,PHI
1047,1957,Onondaga County War Memorial      ,Philadelphia Sixers,PHI
1048,1958,Onondaga County War Memorial      ,Philadelphia Sixers,PHI
1049,1959,Onondaga County War Memorial      ,Philadelphia Sixers,PHI
1050,1960,Onondaga County War Memorial      ,Philadelphia Sixers,PHI
1051,1961,Onondaga County War Memorial      ,Philadelphia Sixers,PHI
1052,1962,Onondaga County War Memorial      ,Philadelphia Sixers,PHI
1053,1963,Convention Hall               ,Philadelphia Sixers,PHI
1054,1964,Convention Hall               ,Philadelphia Sixers,PHI
1055,1965,Convention Hall               ,Philadelphia Sixers,PHI
1056,1966,Convention Hall               ,Philadelphia Sixers,PHI
1057,1967,First Union Spectrum          ,Philadelphia Sixers,PHI
1058,1968,First Union Spectrum          ,Philadelphia Sixers,PHI
1059,1969,First Union Spectrum          ,Philadelphia Sixers,PHI
1060,1970,First Union Spectrum          ,Philadelphia Sixers,PHI
1061,1971,First Union Spectrum          ,Philadelphia Sixers,PHI
1062,1972,First Union Spectrum          ,Philadelphia Sixers,PHI
1063,1973,First Union Spectrum          ,Philadelphia Sixers,PHI
1064,1974,First Union Spectrum          ,Philadelphia Sixers,PHI
1065,1975,First Union Spectrum          ,Philadelphia Sixers,PHI
1066,1976,First Union Spectrum          ,Philadelphia Sixers,PHI
1067,1977,First Union Spectrum          ,Philadelphia Sixers,PHI
1068,1978,First Union Spectrum          ,Philadelphia Sixers,PHI
1069,1979,First Union Spectrum          ,Philadelphia Sixers,PHI
1070,1980,First Union Spectrum          ,Philadelphia Sixers,PHI
1071,1981,First Union Spectrum          ,Philadelphia Sixers,PHI
1072,1982,First Union Spectrum          ,Philadelphia Sixers,PHI
1073,1983,First Union Spectrum          ,Philadelphia Sixers,PHI
1074,1984,First Union Spectrum          ,Philadelphia Sixers,PHI
1075,1985,First Union Spectrum          ,Philadelphia Sixers,PHI
1076,1986,First Union Spectrum          ,Philadelphia Sixers,PHI
1077,1987,First Union Spectrum          ,Philadelphia Sixers,PHI
1078,1988,First Union Spectrum          ,Philadelphia Sixers,PHI
1079,1989,First Union Spectrum          ,Philadelphia Sixers,PHI
1080,1990,First Union Spectrum          ,Philadelphia Sixers,PHI
1081,1991,First Union Spectrum          ,Philadelphia Sixers,PHI
1082,1992,First Union Spectrum          ,Philadelphia Sixers,PHI
1083,1993,First Union Spectrum          ,Philadelphia Sixers,PHI
1084,1994,First Union Spectrum          ,Philadelphia Sixers,PHI
1085,1995,First Union Spectrum          ,Philadelphia Sixers,PHI
1086,1996,First Union Center            ,Philadelphia Sixers,PHI
1087,1997,First Union Center            ,Philadelphia Sixers,PHI
1088,1998,First Union Center            ,Philadelphia Sixers,PHI
1089,1999,First Union Center            ,Philadelphia Sixers,PHI
1090,2000,First Union Center            ,Philadelphia Sixers,PHI
1091,2001,First Union Center            ,Philadelphia Sixers,PHI
1092,2002,First Union Center            ,Philadelphia Sixers,PHI
1093,2003,Wahcovia center                 ,Philadelphia Sixers,PHI
1094,2004,Wahcovia center                 ,Philadelphia Sixers,PHI
1095,2005,Wahcovia center                 ,Philadelphia Sixers,PHI
1096,2006,Wahcovia center                 ,Philadelphia Sixers,PHI
1097,2007,Wahcovia center                 ,Philadelphia Sixers,PHI
1098,2008,Wahcovia center                 ,Philadelphia Sixers,PHI
1099,2009,Wahcovia center                 ,Philadelphia Sixers,PHI
1100,2010,Wells Fargo Center            ,Philadelphia Sixers,PHI
1101,2011,Wells Fargo Center            ,Philadelphia Sixers,PHI
1102,2012,Wells Fargo Center            ,Philadelphia Sixers,PHI
1103,2013,Wells Fargo Center            ,Philadelphia Sixers,PHI
1104,2014,Wells Fargo Center            ,Philadelphia Sixers,PHI
1105,2015,Wells Fargo Center            ,Philadelphia Sixers,PHI
1106,2016,Wells Fargo Center            ,Philadelphia Sixers,PHI
1107,2017,Wells Fargo Center            ,Philadelphia Sixers,PHI
1108,2018,Wells Fargo Center            ,Philadelphia Sixers,PHI
1109,1968,Arizona Veterans' Memorial Coliseum   ,Phoenix Suns,PHX
1110,1969,Arizona Veterans' Memorial Coliseum   ,Phoenix Suns,PHX
1111,1970,Arizona Veterans' Memorial Coliseum   ,Phoenix Suns,PHX
1112,1971,Arizona Veterans' Memorial Coliseum   ,Phoenix Suns,PHX
1113,1972,Arizona Veterans' Memorial Coliseum   ,Phoenix Suns,PHX
1114,1973,Arizona Veterans' Memorial Coliseum   ,Phoenix Suns,PHX
1115,1974,Arizona Veterans' Memorial Coliseum   ,Phoenix Suns,PHX
1116,1975,Arizona Veterans' Memorial Coliseum   ,Phoenix Suns,PHX
1117,1976,Arizona Veterans' Memorial Coliseum   ,Phoenix Suns,PHX
1118,1977,Arizona Veterans' Memorial Coliseum   ,Phoenix Suns,PHX
1119,1978,Arizona Veterans' Memorial Coliseum   ,Phoenix Suns,PHX
1120,1979,Arizona Veterans' Memorial Coliseum   ,Phoenix Suns,PHX
1121,1980,Arizona Veterans' Memorial Coliseum   ,Phoenix Suns,PHX
1122,1981,Arizona Veterans' Memorial Coliseum   ,Phoenix Suns,PHX
1123,1982,Arizona Veterans' Memorial Coliseum   ,Phoenix Suns,PHX
1124,1983,Arizona Veterans' Memorial Coliseum   ,Phoenix Suns,PHX
1125,1984,Arizona Veterans' Memorial Coliseum   ,Phoenix Suns,PHX
1126,1985,Arizona Veterans' Memorial Coliseum   ,Phoenix Suns,PHX
1127,1986,Arizona Veterans' Memorial Coliseum   ,Phoenix Suns,PHX
1128,1987,Arizona Veterans' Memorial Coliseum   ,Phoenix Suns,PHX
1129,1988,Arizona Veterans' Memorial Coliseum   ,Phoenix Suns,PHX
1130,1989,Arizona Veterans' Memorial Coliseum   ,Phoenix Suns,PHX
1131,1990,Arizona Veterans' Memorial Coliseum   ,Phoenix Suns,PHX
1132,1991,Arizona Veterans' Memorial Coliseum   ,Phoenix Suns,PHX
1133,1992,America West Arena                ,Phoenix Suns,PHX
1134,1993,America West Arena                ,Phoenix Suns,PHX
1135,1994,America West Arena                ,Phoenix Suns,PHX
1136,1995,America West Arena                ,Phoenix Suns,PHX
1137,1996,America West Arena                ,Phoenix Suns,PHX
1138,1997,America West Arena                ,Phoenix Suns,PHX
1139,1998,America West Arena                ,Phoenix Suns,PHX
1140,1999,America West Arena                ,Phoenix Suns,PHX
1141,2000,America West Arena                ,Phoenix Suns,PHX
1142,2001,America West Arena                ,Phoenix Suns,PHX
1143,2002,America West Arena                ,Phoenix Suns,PHX
1144,2003,America West Arena                ,Phoenix Suns,PHX
1145,2004,America West Arena                ,Phoenix Suns,PHX
1146,2005,America West Arena                ,Phoenix Suns,PHX
1147,2006,America West Arena                ,Phoenix Suns,PHX
1148,2007,America West Arena                ,Phoenix Suns,PHX
1149,2008,America West Arena                ,Phoenix Suns,PHX
1150,2009,America West Arena                ,Phoenix Suns,PHX
1151,2010,America West Arena                ,Phoenix Suns,PHX
1152,2011,America West Arena                ,Phoenix Suns,PHX
1153,2012,America West Arena                ,Phoenix Suns,PHX
1154,2013,America West Arena                ,Phoenix Suns,PHX
1155,2014,America West Arena                ,Phoenix Suns,PHX
1156,2015,Talking Stick Resort Arena        ,Phoenix Suns,PHX
1157,2016,Talking Stick Resort Arena        ,Phoenix Suns,PHX
1158,2017,Talking Stick Resort Arena        ,Phoenix Suns,PHX
1159,2018,Talking Stick Resort Arena        ,Phoenix Suns,PHX
1160,1970,Memorial Coliseum                ,Portland Trailblazers ,POR
1161,1971,Memorial Coliseum                ,Portland Trailblazers ,POR
1162,1972,Memorial Coliseum                ,Portland Trailblazers ,POR
1163,1973,Memorial Coliseum                ,Portland Trailblazers ,POR
1164,1974,Memorial Coliseum                ,Portland Trailblazers ,POR
1165,1975,Memorial Coliseum                ,Portland Trailblazers ,POR
1166,1976,Memorial Coliseum                ,Portland Trailblazers ,POR
1167,1977,Memorial Coliseum                ,Portland Trailblazers ,POR
1168,1978,Memorial Coliseum                ,Portland Trailblazers ,POR
1169,1979,Memorial Coliseum                ,Portland Trailblazers ,POR
1170,1980,Memorial Coliseum                ,Portland Trailblazers ,POR
1171,1981,Memorial Coliseum                ,Portland Trailblazers ,POR
1172,1982,Memorial Coliseum                ,Portland Trailblazers ,POR
1173,1983,Memorial Coliseum                ,Portland Trailblazers ,POR
1174,1984,Memorial Coliseum                ,Portland Trailblazers ,POR
1175,1985,Memorial Coliseum                ,Portland Trailblazers ,POR
1176,1986,Memorial Coliseum                ,Portland Trailblazers ,POR
1177,1987,Memorial Coliseum                ,Portland Trailblazers ,POR
1178,1988,Memorial Coliseum                ,Portland Trailblazers ,POR
1179,1989,Memorial Coliseum                ,Portland Trailblazers ,POR
1180,1990,Memorial Coliseum                ,Portland Trailblazers ,POR
1181,1991,Memorial Coliseum                ,Portland Trailblazers ,POR
1182,1992,Memorial Coliseum                ,Portland Trailblazers ,POR
1183,1993,Memorial Coliseum                ,Portland Trailblazers ,POR
1184,1994,Memorial Coliseum                ,Portland Trailblazers ,POR
1185,1995,Rose Garden                      ,Portland Trailblazers ,POR
1186,1996,Rose Garden                      ,Portland Trailblazers ,POR
1187,1997,Rose Garden                      ,Portland Trailblazers ,POR
1188,1998,Rose Garden                      ,Portland Trailblazers ,POR
1189,1999,Rose Garden                      ,Portland Trailblazers ,POR
1190,2000,Rose Garden                      ,Portland Trailblazers ,POR
1191,2001,Rose Garden                      ,Portland Trailblazers ,POR
1192,2002,Rose Garden                      ,Portland Trailblazers ,POR
1193,2003,Rose Garden                      ,Portland Trailblazers ,POR
1194,2004,Rose Garden                      ,Portland Trailblazers ,POR
1195,2005,Rose Garden                      ,Portland Trailblazers ,POR
1196,2006,Rose Garden                      ,Portland Trailblazers ,POR
1197,2007,Rose Garden                      ,Portland Trailblazers ,POR
1198,2008,Rose Garden                      ,Portland Trailblazers ,POR
1199,2009,Rose Garden                      ,Portland Trailblazers ,POR
1200,2010,Rose Garden                      ,Portland Trailblazers ,POR
1201,2011,Rose Garden                      ,Portland Trailblazers ,POR
1202,2012,Rose Garden                      ,Portland Trailblazers ,POR
1203,2013,Rose Garden                      ,Portland Trailblazers ,POR
1204,2014,Moda Center                      ,Portland Trailblazers ,POR
1205,2015,Moda Center                      ,Portland Trailblazers ,POR
1206,2016,Moda Center                      ,Portland Trailblazers ,POR
1207,2017,Moda Center                      ,Portland Trailblazers ,POR
1208,2018,Moda Center                      ,Portland Trailblazers ,POR
1209,1948,Edgarton Park Arena              ,Sacramento Kings ,SAC
1210,1949,Edgarton Park Arena              ,Sacramento Kings ,SAC
1211,1950,Edgarton Park Arena              ,Sacramento Kings ,SAC
1212,1951,Edgarton Park Arena              ,Sacramento Kings ,SAC
1213,1952,Edgarton Park Arena              ,Sacramento Kings ,SAC
1214,1953,Edgarton Park Arena              ,Sacramento Kings ,SAC
1215,1954,Edgarton Park Arena              ,Sacramento Kings ,SAC
1216,1955,Rochester War Memorial          ,Sacramento Kings ,SAC
1217,1956,Rochester War Memorial          ,Sacramento Kings ,SAC
1218,1957,Rochester War Memorial          ,Sacramento Kings ,SAC
1219,1958,Cincinnati Gardens             ,Sacramento Kings ,SAC
1220,1959,Cincinnati Gardens             ,Sacramento Kings ,SAC
1221,1960,Cincinnati Gardens             ,Sacramento Kings ,SAC
1222,1961,Cincinnati Gardens             ,Sacramento Kings ,SAC
1223,1962,Cincinnati Gardens             ,Sacramento Kings ,SAC
1224,1963,Cincinnati Gardens             ,Sacramento Kings ,SAC
1225,1964,Cincinnati Gardens             ,Sacramento Kings ,SAC
1226,1965,Cincinnati Gardens             ,Sacramento Kings ,SAC
1227,1966,Cincinnati Gardens             ,Sacramento Kings ,SAC
1228,1967,Cincinnati Gardens             ,Sacramento Kings ,SAC
1229,1968,Cincinnati Gardens             ,Sacramento Kings ,SAC
1230,1969,Cincinnati Gardens             ,Sacramento Kings ,SAC
1231,1970,Cincinnati Gardens             ,Sacramento Kings ,SAC
1232,1971,Cincinnati Gardens             ,Sacramento Kings ,SAC
1233,1972,Municipal Auditorium      ,Sacramento Kings ,SAC
1234,1973,Municipal Auditorium      ,Sacramento Kings ,SAC
1235,1974,Kemper Arena           ,Sacramento Kings ,SAC
1236,1975,Kemper Arena           ,Sacramento Kings ,SAC
1237,1976,Kemper Arena           ,Sacramento Kings ,SAC
1238,1977,Kemper Arena           ,Sacramento Kings ,SAC
1239,1978,Kemper Arena               ,Sacramento Kings ,SAC
1240,1979,Kemper Arena               ,Sacramento Kings ,SAC
1241,1980,Kemper Arena               ,Sacramento Kings ,SAC
1242,1981,Kemper Arena               ,Sacramento Kings ,SAC
1243,1982,Kemper Arena               ,Sacramento Kings ,SAC
1244,1983,Kemper Arena               ,Sacramento Kings ,SAC
1245,1984,Kemper Arena               ,Sacramento Kings ,SAC
1246,1985,ARCO Arena I                   ,Sacramento Kings ,SAC
1247,1986,ARCO Arena I                   ,Sacramento Kings ,SAC
1248,1987,ARCO Arena I                   ,Sacramento Kings ,SAC
1249,1988,ARCO Arena II                  ,Sacramento Kings ,SAC
1250,1989,ARCO Arena II                  ,Sacramento Kings ,SAC
1251,1990,ARCO Arena II                  ,Sacramento Kings ,SAC
1252,1991,ARCO Arena II                  ,Sacramento Kings ,SAC
1253,1992,ARCO Arena II                  ,Sacramento Kings ,SAC
1254,1993,ARCO Arena II                  ,Sacramento Kings ,SAC
1255,1994,ARCO Arena II                  ,Sacramento Kings ,SAC
1256,1995,ARCO Arena II                  ,Sacramento Kings ,SAC
1257,1996,ARCO Arena II                  ,Sacramento Kings ,SAC
1258,1997,ARCO Arena II                  ,Sacramento Kings ,SAC
1259,1998,ARCO Arena II                  ,Sacramento Kings ,SAC
1260,1999,ARCO Arena II                  ,Sacramento Kings ,SAC
1261,2000,ARCO Arena II                  ,Sacramento Kings ,SAC
1262,2001,ARCO Arena II                  ,Sacramento Kings ,SAC
1263,2002,ARCO Arena II                  ,Sacramento Kings ,SAC
1264,2003,ARCO Arena II                  ,Sacramento Kings ,SAC
1265,2004,ARCO Arena II                  ,Sacramento Kings ,SAC
1266,2005,ARCO Arena II                  ,Sacramento Kings ,SAC
1267,2006,ARCO Arena II                  ,Sacramento Kings ,SAC
1268,2007,ARCO Arena II                  ,Sacramento Kings ,SAC
1269,2008,ARCO Arena II                  ,Sacramento Kings ,SAC
1270,2009,ARCO Arena II                  ,Sacramento Kings ,SAC
1271,2010,ARCO Arena II                  ,Sacramento Kings ,SAC
1272,2011,ARCO Arena II                  ,Sacramento Kings ,SAC
1273,2012,ARCO Arena II                  ,Sacramento Kings ,SAC
1274,2013,Sleep Train Arena              ,Sacramento Kings ,SAC
1275,2014,Sleep Train Arena              ,Sacramento Kings ,SAC
1276,2015,Sleep Train Arena              ,Sacramento Kings ,SAC
1277,2016,Sleep Train Arena              ,Sacramento Kings ,SAC
1278,2017,Sleep Train Arena              ,Sacramento Kings ,SAC
1279,2018,Sleep Train Arena              ,Sacramento Kings ,SAC
1280,1967,Memorial Auditorium                ,San Antoni Spurs ,SAS
1281,1968,Memorial Auditorium                ,San Antoni Spurs ,SAS
1282,1969,Memorial Auditorium                ,San Antoni Spurs ,SAS
1283,1970,Moody Coliseum                ,San Antoni Spurs ,SAS
1284,1971,Moody Coliseum                     ,San Antoni Spurs ,SAS
1285,1972,Moody Coliseum                     ,San Antoni Spurs ,SAS
1286,1973,HemisFair Arena            ,San Antoni Spurs ,SAS
1287,1974,HemisFair Arena            ,San Antoni Spurs ,SAS
1288,1975,HemisFair Arena            ,San Antoni Spurs ,SAS
1289,1976,HemisFair Arena            ,San Antoni Spurs ,SAS
1290,1977,HemisFair Arena            ,San Antoni Spurs ,SAS
1291,1978,HemisFair Arena            ,San Antoni Spurs ,SAS
1292,1979,HemisFair Arena            ,San Antoni Spurs ,SAS
1293,1980,HemisFair Arena            ,San Antoni Spurs ,SAS
1294,1981,HemisFair Arena            ,San Antoni Spurs ,SAS
1295,1982,HemisFair Arena            ,San Antoni Spurs ,SAS
1296,1983,HemisFair Arena            ,San Antoni Spurs ,SAS
1297,1984,HemisFair Arena            ,San Antoni Spurs ,SAS
1298,1985,HemisFair Arena            ,San Antoni Spurs ,SAS
1299,1986,HemisFair Arena            ,San Antoni Spurs ,SAS
1300,1987,HemisFair Arena            ,San Antoni Spurs ,SAS
1301,1988,HemisFair Arena            ,San Antoni Spurs ,SAS
1302,1989,HemisFair Arena            ,San Antoni Spurs ,SAS
1303,1990,HemisFair Arena            ,San Antoni Spurs ,SAS
1304,1991,HemisFair Arena            ,San Antoni Spurs ,SAS
1305,1992,HemisFair Arena            ,San Antoni Spurs ,SAS
1306,1993,Alamodome                ,San Antoni Spurs ,SAS
1307,1994,Alamodome                ,San Antoni Spurs ,SAS
1308,1995,Alamodome                ,San Antoni Spurs ,SAS
1309,1996,Alamodome                ,San Antoni Spurs ,SAS
1310,1997,Alamodome                ,San Antoni Spurs ,SAS
1311,1998,Alamodome                ,San Antoni Spurs ,SAS
1312,1999,Alamodome                ,San Antoni Spurs ,SAS
1313,2000,Alamodome                ,San Antoni Spurs ,SAS
1314,2001,Alamodome                ,San Antoni Spurs ,SAS
1315,2002,SBC Center              ,San Antoni Spurs ,SAS
1316,2003,SBC Center              ,San Antoni Spurs ,SAS
1317,2004,SBC Center              ,San Antoni Spurs ,SAS
1318,2005,SBC Center              ,San Antoni Spurs ,SAS
1319,2006,SBC Center              ,San Antoni Spurs ,SAS
1320,2007,SBC Center              ,San Antoni Spurs ,SAS
1321,2008,SBC Center              ,San Antoni Spurs ,SAS
1322,2009,SBC Center              ,San Antoni Spurs ,SAS
1323,2010,AT&T Center               ,San Antoni Spurs ,SAS
1324,2011,AT&T Center               ,San Antoni Spurs ,SAS
1325,2012,AT&T Center               ,San Antoni Spurs ,SAS
1326,2013,AT&T Center               ,San Antoni Spurs ,SAS
1327,2014,AT&T Center               ,San Antoni Spurs ,SAS
1328,2015,AT&T Center               ,San Antoni Spurs ,SAS
1329,2016,AT&T Center               ,San Antoni Spurs ,SAS
1330,2017,AT&T Center               ,San Antoni Spurs ,SAS
1331,2018,AT&T Center               ,San Antoni Spurs ,SAS
1332,1967,Seattle Center Coliseum          ,Oklahoma City Thunder,OKC
1333,1968,Seattle Center Coliseum          ,Oklahoma City Thunder,OKC
1334,1969,Seattle Center Coliseum          ,Oklahoma City Thunder,OKC
1335,1970,Seattle Center Coliseum          ,Oklahoma City Thunder,OKC
1336,1971,Seattle Center Coliseum          ,Oklahoma City Thunder,OKC
1337,1972,Seattle Center Coliseum          ,Oklahoma City Thunder,OKC
1338,1973,Seattle Center Coliseum          ,Oklahoma City Thunder,OKC
1339,1974,Seattle Center Coliseum          ,Oklahoma City Thunder,OKC
1340,1975,Seattle Center Coliseum          ,Oklahoma City Thunder,OKC
1341,1976,Seattle Center Coliseum          ,Oklahoma City Thunder,OKC
1342,1977,Seattle Center Coliseum          ,Oklahoma City Thunder,OKC
1343,1978,Kingdome                         ,Oklahoma City Thunder,OKC
1344,1979,Kingdome                         ,Oklahoma City Thunder,OKC
1345,1980,Kingdome                         ,Oklahoma City Thunder,OKC
1346,1981,Kingdome                         ,Oklahoma City Thunder,OKC
1347,1982,Kingdome                         ,Oklahoma City Thunder,OKC
1348,1983,Kingdome                         ,Oklahoma City Thunder,OKC
1349,1984,Kingdome                         ,Oklahoma City Thunder,OKC
1350,1985,Seattle Center Coliseum          ,Oklahoma City Thunder,OKC
1351,1986,Seattle Center Coliseum          ,Oklahoma City Thunder,OKC
1352,1987,Seattle Center Coliseum          ,Oklahoma City Thunder,OKC
1353,1988,Seattle Center Coliseum          ,Oklahoma City Thunder,OKC
1354,1989,Seattle Center Coliseum          ,Oklahoma City Thunder,OKC
1355,1990,Seattle Center Coliseum          ,Oklahoma City Thunder,OKC
1356,1991,Seattle Center Coliseum          ,Oklahoma City Thunder,OKC
1357,1992,Seattle Center Coliseum          ,Oklahoma City Thunder,OKC
1358,1993,Seattle Center Coliseum          ,Oklahoma City Thunder,OKC
1359,1994,Tacoma Dome                       ,Oklahoma City Thunder,OKC
1360,1995,Key Arena                        ,Oklahoma City Thunder,OKC
1361,1996,Key Arena                        ,Oklahoma City Thunder,OKC
1362,1997,Key Arena                        ,Oklahoma City Thunder,OKC
1363,1998,Key Arena                        ,Oklahoma City Thunder,OKC
1364,1999,Key Arena                        ,Oklahoma City Thunder,OKC
1365,2000,Key Arena                        ,Oklahoma City Thunder,OKC
1366,2001,Key Arena                        ,Oklahoma City Thunder,OKC
1367,2002,Key Arena                        ,Oklahoma City Thunder,OKC
1368,2003,Key Arena                        ,Oklahoma City Thunder,OKC
1369,2004,Key Arena                        ,Oklahoma City Thunder,OKC
1370,2005,Key Arena                        ,Oklahoma City Thunder,OKC
1371,2006,Key Arena                        ,Oklahoma City Thunder,OKC
1372,2007,Key Arena                        ,Oklahoma City Thunder,OKC
1373,2008,Chesapeake Energy Arena         ,Oklahoma City Thunder,OKC
1374,2009,Chesapeake Energy Arena         ,Oklahoma City Thunder,OKC
1375,2010,Chesapeake Energy Arena         ,Oklahoma City Thunder,OKC
1376,2011,Chesapeake Energy Arena         ,Oklahoma City Thunder,OKC
1377,2012,Chesapeake Energy Arena         ,Oklahoma City Thunder,OKC
1378,2013,Chesapeake Energy Arena         ,Oklahoma City Thunder,OKC
1379,2014,Chesapeake Energy Arena         ,Oklahoma City Thunder,OKC
1380,2015,Chesapeake Energy Arena         ,Oklahoma City Thunder,OKC
1381,2016,Chesapeake Energy Arena         ,Oklahoma City Thunder,OKC
1382,2017,Chesapeake Energy Arena         ,Oklahoma City Thunder,OKC
1383,2018,Chesapeake Energy Arena         ,Oklahoma City Thunder,OKC
1384,1995,SkyDome                           ,Toronto Raptors ,TOR
1385,1996,SkyDome                           ,Toronto Raptors ,TOR
1386,1997,SkyDome                           ,Toronto Raptors ,TOR
1387,1998,SkyDome                           ,Toronto Raptors ,TOR
1388,1999,Air Canada Centre                ,Toronto Raptors ,TOR
1389,2000,Air Canada Centre                ,Toronto Raptors ,TOR
1390,2001,Air Canada Centre                ,Toronto Raptors ,TOR
1391,2002,Air Canada Centre                ,Toronto Raptors ,TOR
1392,2003,Air Canada Centre                ,Toronto Raptors ,TOR
1393,2004,Air Canada Centre                ,Toronto Raptors ,TOR
1394,2005,Air Canada Centre                ,Toronto Raptors ,TOR
1395,2006,Air Canada Centre                ,Toronto Raptors ,TOR
1396,2007,Air Canada Centre                ,Toronto Raptors ,TOR
1397,2008,Air Canada Centre                ,Toronto Raptors ,TOR
1398,2009,Air Canada Centre                ,Toronto Raptors ,TOR
1399,2010,Air Canada Centre                ,Toronto Raptors ,TOR
1400,2011,Air Canada Centre                ,Toronto Raptors ,TOR
1401,2012,Air Canada Centre                ,Toronto Raptors ,TOR
1402,2013,Air Canada Centre                ,Toronto Raptors ,TOR
1403,2014,Air Canada Centre                ,Toronto Raptors ,TOR
1404,2015,Air Canada Centre                ,Toronto Raptors ,TOR
1405,2016,Air Canada Centre                ,Toronto Raptors ,TOR
1406,2017,Air Canada Centre                ,Toronto Raptors ,TOR
1407,2018,Air Canada Centre                ,Toronto Raptors ,TOR
1408,1974,Municipal Auditorium       ,Utah Jazz,UTA
1409,1975,Superdome                      ,Utah Jazz,UTA
1410,1976,Superdome                      ,Utah Jazz,UTA
1411,1977,Superdome                      ,Utah Jazz,UTA
1412,1978,Superdome                      ,Utah Jazz,UTA
1413,1979,Salt Palace                ,Utah Jazz,UTA
1414,1980,Salt Palace                ,Utah Jazz,UTA
1415,1981,Salt Palace                ,Utah Jazz,UTA
1416,1982,Salt Palace                ,Utah Jazz,UTA
1417,1983,Salt Palace                ,Utah Jazz,UTA
1418,1984,Salt Palace                ,Utah Jazz,UTA
1419,1985,Salt Palace                ,Utah Jazz,UTA
1420,1986,Salt Palace                ,Utah Jazz,UTA
1421,1987,Salt Palace                ,Utah Jazz,UTA
1422,1988,Salt Palace                ,Utah Jazz,UTA
1423,1989,Salt Palace                ,Utah Jazz,UTA
1424,1990,Salt Palace                ,Utah Jazz,UTA
1425,1991,Delta Center                 ,Utah Jazz,UTA
1426,1992,Delta Center                 ,Utah Jazz,UTA
1427,1993,Delta Center                 ,Utah Jazz,UTA
1428,1994,Delta Center                 ,Utah Jazz,UTA
1429,1995,Delta Center                 ,Utah Jazz,UTA
1430,1996,Delta Center                 ,Utah Jazz,UTA
1431,1997,Delta Center                 ,Utah Jazz,UTA
1432,1998,Delta Center                 ,Utah Jazz,UTA
1433,1999,Delta Center                 ,Utah Jazz,UTA
1434,2000,Delta Center                 ,Utah Jazz,UTA
1435,2001,Delta Center                 ,Utah Jazz,UTA
1436,2002,Delta Center                 ,Utah Jazz,UTA
1437,2003,Delta Center                 ,Utah Jazz,UTA
1438,2004,Delta Center                 ,Utah Jazz,UTA
1439,2005,Delta Center                 ,Utah Jazz,UTA
1440,2006,Energy Solutions Arena      ,Utah Jazz,UTA
1441,2007,Energy Solutions Arena      ,Utah Jazz,UTA
1442,2008,Energy Solutions Arena      ,Utah Jazz,UTA
1443,2009,Energy Solutions Arena      ,Utah Jazz,UTA
1444,2010,Energy Solutions Arena      ,Utah Jazz,UTA
1445,2011,Energy Solutions Arena      ,Utah Jazz,UTA
1446,2012,Energy Solutions Arena      ,Utah Jazz,UTA
1447,2013,Energy Solutions Arena      ,Utah Jazz,UTA
1448,2014,Energy Solutions Arena      ,Utah Jazz,UTA
1449,2015,Vivint Smart Home Arena     ,Utah Jazz,UTA
1450,2016,Vivint Smart Home Arena     ,Utah Jazz,UTA
1451,2017,Vivint Smart Home Arena     ,Utah Jazz,UTA
1452,2018,Vivint Smart Home Arena     ,Utah Jazz,UTA
1453,1961,Chicago Amphitheater             ,Washington Wizards,WAS
1454,1962,Chicago Coliseum                  ,Washington Wizards,WAS
1455,1963,Baltimore Civic Center         ,Washington Wizards,WAS
1456,1964,Baltimore Civic Center         ,Washington Wizards,WAS
1457,1965,Baltimore Civic Center         ,Washington Wizards,WAS
1458,1966,Baltimore Civic Center         ,Washington Wizards,WAS
1459,1967,Baltimore Civic Center         ,Washington Wizards,WAS
1460,1968,Baltimore Civic Center         ,Washington Wizards,WAS
1461,1969,Baltimore Civic Center         ,Washington Wizards,WAS
1462,1970,Baltimore Civic Center         ,Washington Wizards,WAS
1463,1971,Baltimore Civic Center         ,Washington Wizards,WAS
1464,1972,Baltimore Civic Center         ,Washington Wizards,WAS
1465,1973,USAir Arena                     ,Washington Wizards,WAS
1466,1974,USAir Arena                     ,Washington Wizards,WAS
1467,1975,USAir Arena                     ,Washington Wizards,WAS
1468,1976,USAir Arena                     ,Washington Wizards,WAS
1469,1977,USAir Arena                     ,Washington Wizards,WAS
1470,1978,USAir Arena                     ,Washington Wizards,WAS
1471,1979,USAir Arena                     ,Washington Wizards,WAS
1472,1980,USAir Arena                     ,Washington Wizards,WAS
1473,1981,USAir Arena                     ,Washington Wizards,WAS
1474,1982,USAir Arena                     ,Washington Wizards,WAS
1475,1983,USAir Arena                     ,Washington Wizards,WAS
1476,1984,USAir Arena                     ,Washington Wizards,WAS
1477,1985,USAir Arena                     ,Washington Wizards,WAS
1478,1986,USAir Arena                     ,Washington Wizards,WAS
1479,1987,USAir Arena                     ,Washington Wizards,WAS
1480,1988,USAir Arena                     ,Washington Wizards,WAS
1481,1989,USAir Arena                     ,Washington Wizards,WAS
1482,1990,USAir Arena                     ,Washington Wizards,WAS
1483,1991,USAir Arena                     ,Washington Wizards,WAS
1484,1992,USAir Arena                     ,Washington Wizards,WAS
1485,1993,USAir Arena                     ,Washington Wizards,WAS
1486,1994,USAir Arena                     ,Washington Wizards,WAS
1487,1995,USAir Arena                     ,Washington Wizards,WAS
1488,1996,USAir Arena                     ,Washington Wizards,WAS
1489,1997,MCI Center                    ,Washington Wizards,WAS
1490,1998,MCI Center                    ,Washington Wizards,WAS
1491,1999,MCI Center                    ,Washington Wizards,WAS
1492,2000,MCI Center                    ,Washington Wizards,WAS
1493,2001,MCI Center                    ,Washington Wizards,WAS
1494,2002,MCI Center                    ,Washington Wizards,WAS
1495,2003,MCI Center                    ,Washington Wizards,WAS
1496,2004,MCI Center                    ,Washington Wizards,WAS
1497,2005,Verizon Center               ,Washington Wizards,WAS
1498,2006,Verizon Center               ,Washington Wizards,WAS
1499,2007,Verizon Center               ,Washington Wizards,WAS
1500,2008,Verizon Center               ,Washington Wizards,WAS
1501,2009,Verizon Center               ,Washington Wizards,WAS
1502,2010,Verizon Center               ,Washington Wizards,WAS
1503,2011,Verizon Center               ,Washington Wizards,WAS
1504,2012,Verizon Center               ,Washington Wizards,WAS
1505,2013,Verizon Center               ,Washington Wizards,WAS
1506,2014,Verizon Center               ,Washington Wizards,WAS
1507,2015,Verizon Center               ,Washington Wizards,WAS
1508,2016,Verizon Center               ,Washington Wizards,WAS
1509,2017,Verizon Center               ,Washington Wizards,WAS
1510,2018,Verizon Center               ,Washington Wizards,WAS
